id_centro_titular,centro_titular
1,COMUNIDAD DE MADRID
2,AYUNTAMIENTO
3,MINISTERIO DE DEFENSA
4,U. POLITECNICA DE MADRID
5,U. AUTONOMA DE MADRID
6,U. COMPLUTENSE DE MADRID
7,U. DE ALCALA DE HENARES
8,PATRONATO MUNICIPAL
9,AYUNTAMIENTO 
10,U. CARLOS III
11,UNIVERSIDAD AUTONOMA DE MADRID
12,AYUNTAMIENTO DE MADRID
13,AYUNTAMIENTO DE  MADRID
14,"MINISTERIO DE ASUNTOS EXTERIORES,UNION EUROPEA Y COOPERACION"
15,COMUNDAD DE MADRID
16,"MINISTERIO DE EDUCACION, CULTURA Y DEPORTE"
17,RELIGIOSAS FILIPENSES
18,CONGREGACION DEL ORATORIO DE SAN FELIPE NERI
19,ESCUELAS PIAS PROVINCIA BETANIA
20,FUNDACION EDUCACION Y EVANGELIO
21,PADRES PASIONISTAS
22,COLEGIO DE SAN IGNACIO COMPAÑIA DE JESUS (JESUITAS)
23,FUNDACION ESCOLAPIAS MONTAL
24,"PROLOVE, S.A."
25,PARROQUIA DE SAN PEDRO APOSTOL
26,"COLEGIO CONCERTADO SAN ANTONIO, S.L."
27,"EDUCACHACON, S.L."
28,"COLEGIO RIHONDO, S.L."
29,FUNDACION EDUCATIVA SANTISIMA TRINIDAD
30,"COLEGIO NUESTRA SEÑORA DE LOS REMEDIOS, SOC. COOP. MADRILEÑA"
31,CONGREGACION DE RELIGIOSAS DEL AMOR DE DIOS
32,MISIONERAS SECULARES DE JESUS OBRERO
33,MADRES TRINITARIAS
34,JUAN XXIII DE ENSEÑANZA S.L.
35,FUNDACION EDUCATIVA SANTO DOMINGO
36,"COLEGIO SAN PASCUAL, SDAD. COOP. MADRILEÑA"
37,PADRES SOMASCOS
38,CONGREGACION SALESIANA
39,GREDOS SAN DIEGO SOCIEDAD COOPERATIVA MADRILEÑA
40,FUNDACION SAN JUAN DE DIOS
41,HIJAS DE LA CARIDAD DE SAN VICENTE DE PAUL
42,RELIGIOSAS DE MARIA IANUA COELI
43,INSTITUTO SECULAR CRUZADA EVANGELICA
44,"COLEGIO VIRGEN DEL HENAR, S.L."
45,"LICEO JUAN DE LA CIERVA, S.L."
46,"SCIENTIA SCHOOL, S.L."
47,RELIGIOSAS CARMELITAS MISIONERAS
48,HNAS. HOSPITALARIAS DE JESUS NAZARENO
49,"SEBAS, S.L."
50,INSTIT.CALASANCIO H.DIVINA PASTORA
51,HNOS. DE LAS ESCUELAS CRISTIANAS
52,"COLEGIO JUAN PABLO II GUADARRAMA, S.L."
53,CENTRO DE ENSEÑANZA SERRANO GARCIA S.L.
54,"EL SALVADOR, SDAD. COOP. MADRILEÑA"
55,ARZOBISPADO DE MADRID
56,FUNDACION EDUCATIVA DOCTRINA CRISTIANA
57,RELIGIOSAS DE MARIA INMACULADA
58,"FUNDACION PIA AUTONOMA CONGREG. MARIANAS,INMACULADA Y S.JOSE"
59,FUNDACION MATER AMABILIS
60,FUNDACION OBRA SOCIAL Y MONTE DE PIEDAD DE MADRID
61,FUNDACION EDUCACION MARIANISTA DOMINGO LAZARO
62,FUNDACION VEDRUNA EDUCACION
63,RELIGIOSAS OPERARIAS DEL DIVINO MAESTRO
64,FUNDACION ESCUELAS FELICIANA VIERTOLA
65,RELIGIOSAS COMENDADORAS DE SANTIAGO
66,CONCEPCIONISTAS MISIONERAS DE LA ENSEÑANZA
67,RELIGIOSAS ESCLAVAS DE CRISTO REY
68,FUNDACION EDUCATIVA JOSE GRAS
69,CONGREGACION DE RELIGIOSAS HIJAS SGDA. FAMILIA DE NAZARET
70,FUNDACION EDUCATIVA ACI
71,FUNDACION COLEGIO NUEVO EQUIPO
72,COLEGIO S.LUIS FELCA S.L.5493 B 212
73,TERCIARIOS CAPUCHINOS NUESTRA MADRE DE LOS DOLORES
74,FUNDACION ESCUELA TERESIANA
75,RELIGIOSAS DE JESUS MARIA
76,ESCLAVAS DE LA SANTISIMA EUCARISTIA
77,"COLEGIO MARIA REINA, S.A.L."
78,FUNDACION EDUCATIVA JESUITINAS
79,"COLEGIO MATER CLEMENTISIMA, S.L."
80,RELIGIOSAS MARIA INMACULADA MISIONERAS CLARETIANAS
81,MADRES MERCEDARIAS
82,"COLEGIOS MIRASIERRA, S.A."
83,ORDEN DE SAN AGUSTIN (AGUSTINOS)
84,FRANCISCANAS DE NTRA.SRA.DEL BUEN CONSEJO
85,PARROQUIA NUESTRA SEÑORA DE LOS DOLORES
86,PARROQUIA DE NUESTRA SEÑORA DEL ROSARIO DE FATIMA
87,ASOCIACION CULTURAL SURCO
88,"NUSNI, S.A."
89,HIJAS DE MARIA AUXILIADORA
90,FUNDACION EDUCATIVA MARIANISTA DOMINGO LAZARO
91,"LICEO OROQUIETA, SDAD. COOP. MADRILEÑA"
92,FUNDACION FEDERICO FLIEDNER
93,HERMANDAD DEL REFUGIO Y PIEDAD
94,FUNDACION EDUCATIVA SOFIA BARAT
95,INSTITUCION DE HERMANOS DEL SAGRADO CORAZON
96,PATRONATO PADRE PULGAR
97,FUNDACION VILLENA LA SALLE
98,CONGREGACION DE LOS SAGRADOS CORAZONES
99,CONGREGACION SAGRADOS CORAZONES
100,PADRES CAPUCHINOS
101,PADRES FRANCISCANOS MENORES CONVENTUALES
102,PARROQUIA DE SAN JAIME APOSTOL
103,"COLEGIO SAN JAVIER-DIEGO PEREZ LLERENA, S.L."
104,FUNDACION EDUCATIVA FRANCISCANAS ANA MOGAS
105,TERCIARIAS FRANCISCANAS PURISIMA CONCEPCION
106,FUNDACION INSTITUTO SAN JOSE
107,FUNDACIÓN EDUCATIVA SAN JOSE DE CLUNY
108,CONGREGACION DE RELIGIOSOS PADRES SALESIANOS
109,CONGREGACION DE RELIGIOSOS DE SAN VIATOR
110,"COLEGIO SAN VICENTE COLONIA DEL TAXISTA, S.L."
111,"COLEGIO SANTA ELISABETH, S.L."
112,"SANTA GEMA SERVICIOS EDUCATIVOS, S. L."
113,RELIGIOSAS DE LA ASUNCION
114,MISIONERAS CRUZADAS DE LA IGLESIA
115,"SANTA MARIA DE LOS PINOS, S.L."
116,RELIGIOSAS HIJAS DE MARIA AUXILIADORA
117,MISIONERAS STMO.SACRAMENTO Y MARIA INMACULADA
118,HNAS. DEL SANTO ANGEL DE LA GUARDA
119,"COLEGIO SANTO ANGEL DE LA GUARDA, S.L. UNIPERSONAL"
120,SOCIEDAD COOPERATIVA MADRILEÑA TEIDE-HEASE
121,CARMELITAS ORDEN DEL CARMEN PROVINCIA BETICA
122,COMPAÑÍA DE MARIA
123,FUNDACION CARMEN PARDO VALCARCE
124,MISIONERAS DEL DIVINO MAESTRO
125,HIJAS DEL PATROCINIO DE MARIA
126,HNAS. DEL AMOR DE DIOS
127,RELIGIOSAS ESCLAVAS DEL AMOR MISERICORDIOSO
128,FUNDACION MAESTRO
129,"ESCOLAR BEASIL, S.L."
130,FUNDACIÓN SPÍNOLA
131,HNAS. CARMELITAS TERESIANAS DE SAN JOSE
132,"COLEGIO CENTRAL MANUEL MUÑOZ, S.L."
133,"COLEGIO SOROLLA B, S.L."
134,FUNDACION BENEFICO-DOCENTE CIUDAD DE LOS MUCHACHOS
135,"PROLICON, S.A."
136,MISIONERAS DEL INMACULADO CORAZON DE MARIA
137,"COLEGIO DECROLY, S.L."
138,FUNDACIÓN EDUCATIVA FRANCISCANAS ANA MOGAS
139,FUNDACION VIRGEN DE LA ALMUDENA
140,FUNDACION TRILEMA
141,"CENTRO CULTURAL Y DEPORTIVO TAJAMAR, S.A."
142,FUNDACION EDUCATIVA FRANCISCANAS DE MONTPELLIER
143,"NEBRI, S.A."
144,SACERDOTES DEL CORAZON DE JESUS(PP.REPARADORES)
145,PADRES REDENTORISTAS
146,"GRISSA, S.L."
147,"DICENDO, S.L."
148,ASOCIAC.PADRES Y FAMILIARES DE MINUS.PSIQUICOS Y SENSORIALES
149,FUNDACION EDUCACION CATOLICA
150,HNAS. DE NUESTRA SEÑORA DE LA COMPASION
151,FUNDACION SAN BERNARDO
152,CONGREGACION DE LOS HNOS.DE LA INSTRUCCION CRISTIANA
153,RELIGIOSAS DE LA ORDEN DE NTRA.SRA.DE LA MERCED
154,RELIGIOSAS HIJAS DE LA DIVINA PASTORA
155,CONGREGRACION DE LOS PADRES MERCEDARIOS
156,HNAS. DE LA CARIDAD DEL SGDO.CORAZON JESUS
157,HNAS. DE NTRA. SRA. DE LA CONSOLACION
158,ESCUELAS PIAS PROVINCIA DE BETANIA
159,"COLEGIO NTRA. SRA. DE GRACIA, S.L."
160,"LICEO MADARIAGA, S.L."
161,HNAS. MERCEDARIAS DE LA CARIDAD
162,"NUESTRA SEÑORA DE LA MERCED, S.L."
163,ENSEÑANZA Y PEDAGOGIA S.A.
164,FUNDACION HOGAR DEL EMPLEADO
165,ORDEN COMPAÑÍA DE JESÚS (JESUITAS). PROVINCIA DE ESPAÑA
166,"EN2 INNOVACION DE PROYECTOS EDUCATIVOS, S. L."
167,AFANIAS
168,"CONOCIMIENTO Y FORMACION, S.A."
169,RELIGIOSAS DE LA PUREZA DE MARIA
170,RELIGIOSAS DE LOS SANTOS ANGELES CUSTODIOS
171,PADRES FRANCISCANOS TERCERA ORDEN REGULAR
172,HNAS. DE LA CARIDAD DEL SGDO.CORAZON DE JESUS
173,CONGREGACION DE RELIGIOSAS SAGRADA FAMILIA DE URGEL
174,PROVINCIA DE HERMANOS MENORES CAPUCHINOS DE ESPAÑA
175,HNAS. SALESIANAS DEL SAGRADO. CORAZON DE JESUS
176,"ORBILUX, S.L."
177,CONGREGACION DE RELIGIOSAS SAGRADOS CORAZONES
178,FUNDACIÓN LA SALLE SAN RAFAEL
179,"CENTROS DE ENSEÑANZA SAN FERMIN, S.L.16390"
180,FRANCISCANAS DE LOS SAGRADOS CORAZONES
181,UNION DE CENTROS DE ENSEÑANZA S.A.
182,"PADRES CARMELITAS, PROVINCIA BETICA"
183,RELIGIOSOS SALESIANOS DE SAN JUAN BOSCO
184,COLEGIO SAN PEDRO S.L.
185,FUNDACION EDUCATIVA FRANCISCO COLL
186,MISIONERAS DEL SAGRADO CORAZON DE JESUS
187,FUNDACION DE SANTAMARCA Y DE SAN RAMON Y SAN ANTONIO (FSRA)
188,"ESCOLAR CERVERA, S.A."
189,CONGREGACION PADRES CARMELITAS
190,PADRES TERCIARIOS CAPUCHINOS
191,HNOS. DE SAN GABRIEL
192,PADRES SALESIANOS
193,SECULSA (ENSEÑANZA Y CULTURA S.A.)
194,"CENTRO CULTURAL ELFO, SDA. COOP. MADRILEÑA"
195,FUNDACION PLAZA DE LOS OFICIOS
196,MISIONEROS CLARETIANOS
197,"SDAD. COOP. DE ENSEÑANZA ARGANZUELA, SDAD. COOP. MADRILEÑA"
198,"EUROPA VILLAVERDE, SOC.COOP.LDA."
199,PADRES AGUSTINOS
200,PROVINCIA AGUSTINIANA MATRITENSE-PADRES AGUSTINOS
201,"COLEGIO CUMBRE-OXFORD, S.L."
202,C.ANDRES VELA-J.M. ZABALA DEL OJO-L.ANDRES VELA
203,RELIGIOSAS TEATINAS DE LA INMACULADA CONCEPCION
204,"CNS DE LA ESTRELLA, S.L.L."
205,MISIONEROS SAGRADOS CORAZONES
206,"COLEGIOS Y ACADEMIAS IPAVACHE, S.L."
207,CONGREGACION DE RELIGIOSAS AGUSTINAS MISIONERAS
208,"LOS LAPAZARES,S.L.UNIPERSONAL"
209,"SOCIEDAD EDUCATIVA REINADO, S.L. UNIPERSONAL"
210,"CENTRO CULTURAL SALMANTINO, S.L."
211,"COLEGIO SAN ALBERTO MAGNO, SOC.CCOP.LDA."
212,ASOCIACION PADRE/MADRES Y PROFESIONALES ¡SÍ PUEDO!
213,COIS-SIGLO XXI SDAD.COOP.MADRILEÑA DE ENSEÑANZA 
214,"NEBRIJA-ROSALES, SDAD. COOP. MADRILEÑA"
215,LICEO VERSALLES S.L.
216,HH. MARIA MADRE DE LA IGLESIA
217,PROFES.ASOCIADOS COL.STA.CRUZ SDAD.COOP.LDA.
218,"MARTIN MACIAS, S.A."
219,"SOCIEDAD DE ENSEÑANZA COLEGIO ÁGORA, S.L."
220,"AFUERA2, S.L. UNIPERSONAL"
221,GECE S.L.
222,"CENTRO CULTURAL PALOMERAS, SDAD. COOP. LDA."
223,COLEGIO NUESTRA SEÑORA DE LOS DOLORES S.L.
224,PADRES AGUSTINOS RECOLETOS
225,"CENTRO DE ESTUDIOS CASTILLA, SDAD. COOP. MADRILEÑA"
226,"COOP.DE ENSEÑANZA S.ANDRES Y STA.BARBARA,SDAD.COOP.MADRILEÑA"
227,HERMANOS DE LAS ESCUELAS CRISTIANAS
228,HNOS. MARISTAS
229,FUNDACION BENEFICO-DOCENTE CASA DE LA VIRGEN
230,"SAN JOSE-LUCERO, SDAD. COOP. MADRILEÑA"
231,FUNDACIÓN JAVERIANAS
232,O.N.C.E.
233,INSTITUTO SECULAR COOPERADORAS DE LA FAMILIA
234,"COSABER, SDAD. COOP. MADRILEÑA"
235,"CENTRO NUEVO DE PEDAGOGIA, S.L."
236,"FERNANDEZ ARENAS MIRASOL, S.L."
237,"FOMENTO DE CENTROS DE ENSEÑANZA, S.A."
238,ESENCO SOCIEDAD COOPERATIVA MADRILEÑA
239,INSTITUTO BIENAVENTURADA VIRGEN MARIA
240,"COLEGIO BUENAFUENTE DE EDUCACION ESPECIAL,S.L"
241,INSTITUCION SALESIANA
242,"COLEGIO NERVION, S.L."
243,CLERIGOS DE SAN VIATOR
244,FUNDACION JOSE MARIA DE LLANOS
245,"LA LEPIOTA, SDAD. COOP. MADRILEÑA"
246,"COOP. DE ENSEÑANZA JOSE RAMON OTERO, SDAD. COOP. MADRILEÑA"
247,FUNDACIÓN PROMIVA
248,J.L. DE ORIOL-CATALINA DE URQUIJO DE Mª AUXIL.Y S.JUAN BOSCO
249,HNAS. DE LA CARIDAD DEL SGDO. CORAZON DE JESUS
250,"GRUPO EDUCATIVO VILLA DE MOSTOLES, S.L."
251,"PROBAL XXI, S.L.L."
252,FUNDACION ARENALES
253,COLEGIO VILLAEUROPA SDAD.COOP.MADRILEÑA
254,"CENTRO DE ESTUDIOS SAN LUIS GONZAGA, S.L."
255,COLEGIO INTERNACIONAL EUROVILLAS S.L.
256,RELIGIOSAS TEATINAS DE LA INMACULADA CONCEPCIÓN
257,L.I.C.A.E.N.S.A.
258,"RETAMAR, S.A."
259,FUNDACION EDUCATIVA SAN JOSE DE CLUNY
260,FRANCISCANAS DE NTRA. SRA. DEL BUEN CONSEJO
261,FUNDACION GIL GAYARRE
262,ASOCIACION CIVIL INSTITUCION TERESIANA
263,FUNDACION BENEFICO-DOCENTE COLEGIO BERRIZ
264,MISIONERAS DE CRISTO SACERDOTE
265,MM.CONCEPCIONISTAS MISIONERAS DE LA ENSEÑANZA
266,PROVINCIA AGUSTINIANA MATRITENSE
267,LAURA ISABEL FERNANDEZ RODRIGUEZ
268,"SOC.SAN FRANCISCO DE SALES, CONGREGACION SALESIANA"
269,"COLEGIO SAN JUAN BOSCO, S.L."
270,MERCEDES CUMPLIDO SANCHEZ
271,"COLEGIO S. JUAN EVANGELISTA,SL-DIOCESIS DE ALCALA DE HENARES"
272,"COLEGIO JABY, S.L."
273,PARROQUIA DE SAN IGNACIO DE LOYOLA
274,CARITAS DIOCESANA DE GETAFE
275,COLEGIO SAMER CALASANZ S.L.
276,FUNDACION BENEFICO-DOCENTE SANTA ELENA
277,COLEGIO ALCALA S.L.
278,"INGLAN, S.A."
279,"SOCIEDAD EDUCATIVA ARGANZUELA, S.L."
280,HNAS. SALESIANAS DEL SAGRADO CORAZON DE JESUS
281,SDAD. COOP. MADRILEÑA LOS ANGELES
282,ASOC.PADRES Y AMIGOS NIÑOS DIFERENTES-APANID
283,"COLEGIO LUIS FEITO 19, S.L."
284,RELIGIOSAS REPARADORAS DEL SAGRADO CORAZON DE JESUS
285,ASOCIACIÓN DE PADRES DE PERSONAS CON AUTISMO
286,"COLEGIO PARQUE, S.L. UNIPERSONAL"
287,RELIGIOSAS SIERVAS DEL EVANGELIO
288,FUNDACION EDUCATIVA FRANCISCANAS DE LA INMACULADA
289,ENSEÑANZAS Y PROMOCION S.A.
290,"CENTRO ESPAÑOL DE TECNOLOGIA APLICADA, S.L."
291,ASOCIACION DE GESTION DOCENTE Y CULTURAL
292,"ACENIT,S.L."
293,CONGREGACION RR. HIJOS DE LA SAGRADA FAMILIA
294,"SAN JOAQUIN Y SANTA ANA, S.A."
295,"FUNDACIÓN CIUDADESCUELA MUCHACHOS ""CEMU"""
296,CONGREGACION DEL VERBO ENCARNADO
297,"TAO, SDAD. COOP. L.DE PEDAGOGIA TERAPEUTICA"
298,VALDECAS SOCIEDAD COOPERATIVA 
299,CENTRO DE ESTUDIOS PROFESIONALES S.L
300,FUNDACION HOSPITAL DE SAN SALVADOR
301,"COLEGIO ZURBARÁN, S.L."
302,"COLEGIO NUEVA CASTILLA, S.L."
303,FUNDACION GOTZE. INSTITUTO MEDICO PEDAGOGICO
304,"ANTONIO MACHADO DE PARLA, SDAD. COOP. MADRILEÑA DE ENSEÑANZA"
305,ASTOR-ASOCIAC.PADRES CON HIJOS DISCAPACIDAD INTELEC.TORREJON
306,MISIONERAS HIJAS SAGRADA FAMILIA DE NAZARET
307,"ENSEÑANTES DE VILLAVERDE, SDAD. COOP. MADRILEÑA"
308,"ASOCIACION EDUCATIVA, CALASANZ"
309,COMUNIDAD JUDIA DE MADRID
310,FUNDACIÓN FEDERICO FLIEDNER
311,"FUENTE LA REINA 82, SDAD. COOP. MADRILEÑA"
312,ASOCIACION JARDIN DE INFANCIA SAN VICENTE DE PAUL
313,"ENSEÑANZA Y FORMACION, SDAD. COOP. MADRILEÑA"
314,LORCA-SAN PABLO SDAD. COOP. MADRILEÑA
315,SDAD. COOP. MADRILEÑA DE ENSEÑANZA COLEGIO ESPIRITU SANTO
316,"EQUIPO DOCENTE VILLAVERDE, SOCIEDAD COOPERATIVA MADRILEÑA"
317,"PROSCIENCIA, SDAD. COOP. MADRILEÑA"
318,"N.I.L.E., SOCIEDAD COOPERATIVA MADRILEÑA"
319,ALTAMIRA DE FUENLABRADA SDAD.COOP. MADRILEÑA
320,"JUAN XXIII, S.A."
321,"NUEVO SANTA ROSA DE LIMA, S.L."
322,"PROSCIENCIA, SOCIEDAD COOPERATIVA MADRILEÑA"
323,"ZAZUAR,  SDAD. COOP. MADRILEÑA"
324,"COSSIO, SDAD. COOP. MADRILEÑA"
325,"GESTION Y FORMACION EDUCATIVA LAZARILLO-08, S.L."
326,SIERVAS DE SAN JOSE
327,"GRUPO ZOLA EDUCACION, S.L. UNIPERSONAL"
328,DAFNE SDAD. COOP. MADRILEÑA
329,PUNTA GALEA S.A.
330,"LIS, SDAD. COOP. MADRILEÑA"
331,LA CANTOÑA SDAD. COOP. MADRILEÑA LIMITADA
332,"CENTRO EDUCATIVO ZOLA, S.A."
333,"SCIENTIA ALHUCEMA, S.L."
334,HNAS. DE LA PRESENTACION DE LA VIRGEN MARIA
335,FUNDACION PIA AUTONOMA COLEGIO DIOCESANO CRISTO DE LA GUIA
336,"ARCADIA, SDAD. COOP. MADRILEÑA"
337,LICEO ROSALES S.L.
338,PARROQUIA DE STA.ROSALIA
339,"GREDOS-SAN DIEGO, SDAD. COOP. MADRILEÑA"
340,CONGREGACION DE LAS HIJAS DE STA.MARIA DE LEUCA
341,HNOS. DE LA SAGRADA FAMILIA
342,"CEIPS MONCAYO, S.L."
343,ASOCIACION EL DESPERTAR
344,"FORMACION, EDUCACION SAN SATURIO SOCIEDAD COOP.  MADRILEÑA"
345,"COLEGIO LAS ROSAS, S.L."
346,ANGELES SANTIAGO OROZCO
347,ASOCIACION ARAYA (AUTISMO Y TRASTORNOS PROFUNDOS)
348,"COLEGIO VIRGEN DE LA VEGA, S.L."
349,"COLEGIOS Y ORGANIZACION, S.L."
350,MISIONERAS CLARISAS DEL SANTISIMO SACRAMENTO
351,"COLEGIO MADRIGAL, SDAD. COOP. MADRILEÑA"
352,"CENTRO DE INICIATIVAS PARA LA FORMACION AGRARIA,S.A."
353,"LA MILAGROSA 88, S.L."
354,FUNDACION OBRA SOCIAL SOR ROSALIA RENDU
355,FUNDACION RAILES
356,FUNDACION TOMILLO
357,"VALRISCO, S.L.L."
358,"LAGOMAR, SDAD. COOP. MADRILEÑA"
359,MISIONERAS DE MARIA MEDIADORA UNIVERSAL
360,"COLEGIO PERIPATOS, S.L."
361,PARROQUIA DE SAN VICTOR
362,"GREDOS SAN DIEGO, SDAD. COOP. MADRILEÑA"
363,OBRAS PARROQUIALES NUESTRA SEÑORA DE LAS VICTORIAS
364,ORDEN HOSPITALARIA DE SAN JUAN DE DIOS
365,MISIONERAS DE JESUS MARIA Y JOSE
366,"VILLA DE NAVALCARNERO,SDAD.COOP.MAD.DE ENSEÑANZA DETRABAJO"
367,ASOCIACIÓN JARDÍN DE INFANCIA NUESTRA SEÑORA DEL CAMINO
368,FUNDACION DALES LA PALABRA
369,"SERYMAR ARCO IRIS, S.L."
370,PARROQUIA DE SAN SIMON Y SAN JUDAS
371,FUNDACIÓN ESCOLAPIAS MONTAL
372,CONGREGACION DE LA SAGRADA FAMILIA
373,FUNDACIÓN MATER AMABILIS
374,FUNDACIÓN PÍA AUTÓNOMA COLEGIO DIOCESANO CRISTO DE LA GUÍA
375,ASOCIACION PARA LA INVESTIGACION Y ESTUDIO DE LA DEFICIENCIA
376,INSTITUTO DE HH. SANTA MARIANA DE JESUS
377,"LAS ENCINAS DE MATAESPESA, S.L."
378,FUNDACION TERTIO MILENNIO
379,FUNDACION BOBATH
380,ASOCIACION AYUDA ATENCION AL PARALITICO CEREBRAL (ATENPACE)
381,ORDEN MINISTROS DE LOS ENFERMOS (RELIGIOSOS CAMILOS)
382,"SAINT CHARLES COLLEGE, S.L."
383,"COLEGIO INTE.KOLBE, S.L.Y CIA, SOC.EN COMANDITA POR ACCIONES"
384,RELIGIOSAS DE LA ORDEN DE NTRA. SRA. DE LA MERCED
385,SDAD. COOP. MADRILEÑA HELICON
386,"CENTRO CULTURAL PEDRALTA, S.A."
387,"CASVI-BOADILLA, S.A."
388,"COLEGIO BILINGÜE VALLMONT,S.L."
389,FUNDACION INTERNACIONAL DE EDUCACION
390,"ANDEL PROMOCIONES EDUCATIVAS, S.A. UNIPERSONAL"
391,FUNDACION AUCAVI
392,"MALVAR, SDAD. COOP. MADRILEÑA"
393,UNION DE IGLESIAS CRISTIANAS ADVENTISTAS DEL SEPTIMO DIA ESP
394,"EDUCADORAS INFANTILES, S.L."
395,"FORMULA EDUCATIVA, SDAD. COOP. MADRILEÑA"
396,"SERVICIOS EDUCATIVOS SANCHINARRO, S.L.L."
397,"COLEGIO VALDEFUENTES, S.L."
398,FUND. TIEMPOS MAS NUEVOS y CTROS. ENSEÑANZA EDUC. Y VIDA S.A
399,"COLEGIO PEÑALAR, S.L. UNIPERSONAL"
400,AVANTIS SOCIEDAD COOPERATIVA MADRILEÑA
401,"EL CATON, SDAD. COOP. MADRILEÑA"
402,ASOCIACION PARA DISCAPACITADOS VIRGEN DE NURIA-APSURIA
403,INSTITUTO SECULAR CRUZADA EVANGÉLICA
404,"COOPERATIVA DE ENSEÑANZA JOSE RAMON OTERO,SOC COOP MADRILEÑA"
405,SERVICIOS EDUCATIVOS LAS TABLAS S.L. UNIPERSONAL
406,"GREDOS SAN DIEGO, SOCIEDAD COOPERATIVA MADRILEÑA"
407,"EDUCACION ACTIVA COMPLUTENSE, SOCIEDAD COOPERATIVA MADRILEÑA"
408,GREDOS SOCIEDAD COOPERATIVA MADRILEÑA
409,"COLEGIO PEÑALVENTO, S.L."
410,"EDUCANDO EN LA CREATIVIDAD, S.L."
411,"ESCUELA LOS TILOS, S.L."
412,"FOMENTO DE CENTROS DE ENSEÑANZA DE MADRID, S.A."
413,"HELADE, SOCIEDAD COOPERATIVA MADRILEÑA"
414,"GUADIELA, SOCIEDAD COOPERATIVA MADRILEÑA"
415,"ARULA, S. COOP. MAD."
416,"COLEGIO SAN JAIME, S.L."
417,"SOLUCIONES EDUCATIVAS INTEGRALES NTRA. SRA. CONCEPCION, S.A."
418,"ESPACIOS EDUCATIVOS, SOCIEDAD COOPERATIVA MADRILEÑA"
419,"LITTERATOR, SOCIEDAD COOPERATIVA"
420,ASOCIACION DE COOPERACION Y APOYO SOCIAL DE LA INTEGRACION
421,FUNDACION NUMEN
422,ASOCIACION PRO PERSONAS CON DEFICIENCIA MENTAL DE ARGANDA
423,"CENTRO EDUCATIVO ABACO, S.L. (UNIPERSONAL)"
424,"COLEGIO EDITH STEIN, S.L."
425,"COLEGIO VILLAMADRID, SOCIEDAD COOPERATIVA MADRILEÑA"
426,INSTITUTO HISPANOAMERICANO DE LA PALABRA SDAD COOP MADRILEÑA
427,"FUNDACION IRUARITZ LEZAMA y COLEGIO ABANTOS, S.L."
428,"ORDEN DE SAN AGUSTIN,PROVINCIA DEL SANTISIMO NOMBRE DE JESUS"
429,"LAS HACHAZUELAS, SOCIEDAD COOPERATIVA MADRILEÑA"
430,"COLEGIO NOVA HISPALIS, SOCIEDAD COOPERATIVA MADRILEÑA"
431,FUNDACIÓN CISEN (CENTRO DE INTEGRACIÓN SENSORIAL)
432,UTE G.E. ESCUELAS URBANAS - G.E. ESCUELA DE OCIO
433,"NOBELIS, SOCIEDAD COOPERATIVA MADRILEÑA"
434,FUNDACION AENILCE
435,"COLEGIO TORREVILANO, S.L. UNIPERSONAL"
436,"COLEGIO MONTESCLAROS, S.L. UNIPERSONAL"
437,"JUPASE ESCOLAR, S.L. UNIPERSONAL"
438,FUNDACIÓN COLEGIO ALBORADA
439,"COLEGIO ANTAMIRA, S.L."
440,"SOLUCIONES EDUCATIVAS INTEGRALES ARGANDA, S.L."
441,"TRINITY COLLEGE SAN SEBASTIAN DE LOS REYES, S.L."
442,AS.LIBRE EDUC.PERSONALIZADA Y HUMANA TRNOS.ESPECTRO AUTISTA
443,FUNDACION SINDROME DE DOWN DE MADRID
444,FUNDACION UNIVERSITARIA SAN PABLO CEU
445,"COLEGIO ESTUDIANTES LAS TABLAS, S.L."
446,"AQUILA, SOCIEDAD COOPERATIVA MADRILEÑA"
447,"ANTAVILLA SCHOOL, S.L."
448,ASOC. LAS NAVES-CENTRO DE FORM. Y ATENCIÓN SOCIOEDUCATIVA
449,HERMANAS DE LA CARIDAD E INSTRUCCION CRISTIANA DE NEVERS
450,"ESCUELA PARA EL FUTURO, S.A."
451,PROY. ED. SIERRA NORTE S.A./ HUMANITAS BILINGUAL SCHOOL S.L.
452,"COLEGIO VEGASUR, SOCIEDAD COOPERATIVA MADRILEÑA"
453,"COLEGIO CHESTERTON MECO, S.L."
454,FUNDACIÓN ARENALES
455,"PROY.EDUC.SOTO HENARES,S.A., HUMANITAS BIL.SCH.TORREJON, S.L"
456,FUNDACIÓN DIDASKALOS
457,FUNDACION APRENDER
458,"COLEGIO PASTEUR ARROYOMOLINOS, S.L. UNIPERSONAL"
459,"EDUCAHUMANES, S.A."
460,"ANTANES SCHOOL, S.L."
461,"CENTRO DE ESTUDIOS SUPERIORES FUENCARRAL, S.L."
462,FUNDACION CENTRO ESPAÑOL DE SOLIDARIDAD
463,"HM HOSPITALES 1989, S.A."
464,"COLEGIO JUAN PABLO II PARLA,  S.L."
465,FUNDACIÓN TERTIO MILLENNIO
466,ASOCIACION CULTURAL NORTE JOVEN
467,COLEGIOS MINERVA S.L.
468,"LICEO EUROPEO, S.L."
469,INSTITUTO  BIENAVENTURADA VIRGEN MARIA
470,ASOCIACION DEL COLEGIO SUIZO DE MADRID
471,"COLEGIO VIRGEN DEL PUERTO, S.L."
472,"ESCUELA INFANTIL ARCO IRIS ABASTOS, S.L."
473,"COLEGIO VIRGEN DE EUROPA, S.L."
474,"TRINITY COLLEGE GROUP OF SPAIN, S.L."
475,"COLEGIO INTERNACIONAL COE, S.A."
476,"MONTFORT INTERNATIONAL SCHOOL, S.L."
477,FRANCISCO MAYO BAEZA
478,"FOMENTO DE ENSEÑANZA MEDIA, S.A."
479,"EIPA EDUCACION, S.L."
480,"COGNITA HASTINGS HOLDING, S.L. UNIPERSONAL"
481,"EL OSITO GESTIÓN DE SERVICIOS EDUCATIVOS, S.L."
482,"COLEGIOS RAMON Y CAJAL, S.L."
483,"ESCUELA IINFANTIL REINA DE LOS ANGELES, S.L. UNIPERSONAL"
484,"ALAMOS DEL ARDAL, S.L."
485,ARTURO SORIA SDAD.COOP.DE ENSEÑANZA
486,"CENTRO DE EDUCACION PERSONALIZADA (C.E.P.), S.L."
487,"COVILU INVESTIGACIONES PEDAGOGICAS, S.L."
488,"COLEGIO FEM, S. L."
489,BRITISH COUNCIL EN ESPAÑA (CONSEJO BRITANICO)
490,"JARDIN KINDERLAND, S.L."
491,"MARIN AMAT, S.L."
492,FOMENTO DE CENTROS DE ENSEÑANZA S.A.
493,PATRONATO DE HUERFANOS DE LA ARMADA
494,"COLEGIO NTRA.SRA.SANTA MARIA, S.L."
495,ASOCIACION COLEGIO ALEMAN DE MADRID
496,"INSDE, S.L."
497,ESTUDIOS GENERALES S.A.
498,"EDUCACION EN VALORES, S.L."
499,COLEGIO SANTA MARIA DEL CAMINO S.L. UNIPERSONAL
500,"ARGENTINA MARTINEZ RODRIGUEZ, MANUEL RODRIGUEZ CARNERO"
501,RELIGIOSAS DE LA UNION CRISTIANA DE SAINT CHAUMOND
502,PARQUE CONDE DE ORGAZ S.L.
503,PEDRO PINEDO CANTON
504,"ACADEMIA DIAZ BALAGUER,S.L."
505,"INSTITUTO VOX, S.L. UNIPERSONAL"
506,FUNDACION ESTUDIO
507,"ARGOLIDA,S.A."
508,FRANCISCO ROCAMORA JARA
509,"COLEGIO BRISTOL, S.A."
510,RELIGIOSAS DE LA COMPAÑÍA EL SALVADOR
511,ELMARMAREL ESCUELAS S.L.
512,MERCEDES FUENTES AFUERA
513,"COLEGIO GUZMAN EL BUENO, S.L."
514,"GENERAL DE DOCENCIA Y ENSEÑANZA, S.A."
515,ESTADO FRANCES
516,"ACTIV. CULT. CENTRO ENSEÑANZA ESTUDIO LAS NACIONES, S.L.UNIP"
517,MARIA ISABEL HIDALGO CASTRO - CARMEN OLIVA MARTIN
518,MARIA ISABEL LASO GIMENEZ
519,ASESORIA DIDACTICA S.A.
520,OBRA BENEFICA SAN LUIS DE LOS FRANCESES
521,CONGREGACION DE LOS LEGIONARIOS DE CRISTO
522,ANGEL LLORENTE GUTIERREZ
523,INVESTIGACION Y SERVICIOS EDUCATIVOS LOGOS S.A.
524,PADRES BENEDICTINOS
525,"SEK- CIUDALCAMPO S.L., SOCIEDAD UNIPERSONAL"
526,ASOCIACION PRO-HUERFANOS GUARDIA CIVIL
527,"SEK EL CASTILLO, S.L."
528,"CORPORACION DE RADIO Y TELEVISION ESPAÑOLA, S.A."
529,"PROMOCION DE JARDINES DE INFANCIA, S.A."
530,"COLEGIO JOYFE, S.L.U."
531,"CENTRO ESCOLAR AMANECER, S.L."
532,KENSINGTON SCHOOL S.A.
533,MM. AGUSTINAS DEL BEATO OROZCO
534,GUADALUPE ABRIL HUERTAS
535,"ESTRELLA AMDAL, S.L."
536,PATRONATO HUERFANOS DEL EJECITO DEL AIRE N.SRA.DE LORETO
537,DIOCESIS DE GETAFE
538,"COLEGIO ARCÁNGEL RAFAEL, S.L."
539,"KING'S COLLEGE, S.A."
540,"COLEGIO LOS PEÑASCALES, SDAD.COOP.LDA."
541,ASOCIACION DEL COLEGIO ESCANDINAVO
542,ASOCIACION COLEGIO HOF DER LAGE LANDEN
543,"NUMONT SCHOOL, S.L."
544,ASOCIACION CULTURAL SAINT EXUPERY
545,MISSION LAIQUE FRANCAISE
546,ASOCIACION DE LA ESC.AMERICANA DE MADRID
547,THE ENGLISH MONTESSORI SCHOOL S.A.
548,COLEGIO INTERNACIONAL DE MADRID S.L.
549,ESTADO ITALIANO
550,"EDUCATIONAL INVESTMENT, S.L."
551,"ESCUELA INFANTIL ARLEQUIN, S.L."
552,LUIS A.LOSADA ANDRES Y JULIO GARCIA GONZALEZ
553,"CENTROS DOCENTES, S.A."
554,ASOCIACION ESCUELA LIBRE MICAEL
555,"COLEGIO BASE, S.L."
556,EMBAJADA DEL JAPON EN ESPAÑA
557,EMBAJADA LIBIA
558,"ORGANIZACION PROFESIONAL ESPAÑOLA, S.A."
559,"COLEGIO LEGAMAR, S.L."
560,"WILLOUGHBY COLLEGE, S.A."
561,"EDUCACION Y PROGRESO, S.A."
562,"JARDINES DE INFANCIA TORREJON, S.A."
563,PALOMA GONZALEZ GONZALEZ
564,RUBEN DEL RIO DE MIGUEL
565,RELIGIOSAS HERMANAS COMPAÑÍA DEL SALVADOR
566,"COLEGIO 67, S.L. UNIPERSONAL"
567,"MIRABAL SCHOOL, S. L."
568,IMARIA ANGELES HERREROS SERRANO
569,NURIA LOBETO GONZALEZ
570,ASOCIACION ALANDA (APOYO A LIMIT ADULTOS Y NIÑOS DISC ASOC)
571,ERNESTO ZAMORANO ROMAN
572,"INTERNATIONAL COLLEGE SPAIN, S.A."
573,NATALIA DO CAMPO REDONDO
574,ANA MARIA ARANDA DONOSO
575,"COVILU INVESTIGACIONES PEDAGOGICAS, S. L."
576,"PRACTIVOX, S.L."
577,"ESCUELA INFANTIL MARIA, S. L."
578,"LOS PITUFOS DE BEGALDE 2004, S.L."
579,THE BRITISH COUNCIL SCHOOL
580,"INSIDE, S.L."
581,"EUROLENGUAS, S.A."
582,"MIRABAL SCHOOL, S.L."
583,ALFREDO GONZALEZ PONT
584,"ADELLIS, S.A.(3-9-90 BOE 20-9-90)"
585,"ESCUELA INFANTIL EDUKA, S.A.L."
586,JUAN JOSE MARCHANTE SERRA
587,LUIS ESTRELLA CARMONA
588,SIGFREDO DIAZ ALVAREZ
589,MARIA LUISA RODRIGUEZ MORENO
590,KATARINA GURSKA
591,"ACADEMIA AYENSA, S.L."
592,"VIRGEN DEL PARQUE, S.L."
593,FUNDACION DOLORES SOPEÑA
594,"AQUINAS INTERNATIONAL SCHOOL, S.L."
595,"ESCUELA TECNICA DE ENSEÑANZAS ESPECIALIZADAS, S.A."
596,"UNIVERSIDAD DE TECNOLOGIA Y EMPRESA, S.A."
597,CARMEN RUIZ MARTINEZ
598,"DEHESA DEL PRINCIPE, SDAD. LTDA."
599,"LABORDOC, S.L. Unipersonal"
600,"COLEGIO BRAINS, S.L."
601,"THE ENGLISH MONTESSORI SCHOOL, S.A."
602,TAMAJ SDAD.COOP.
603,DOLORES AGUILA RUIZ
604,"ARETEIA, S.A."
605,KING'S COLLEGE S.A.
606,"COLEGIO VILLA DE GRIÑON, S.A."
607,PARROQUIA CRUCIFIXION DEL SEÑOR
608,"BARRA DOBLE, S.L."
609,"PAIDOPOLIS, S.A."
610,"COLEGIO RAMON Y CAJAL, S.L."
611,"C.E.C.B.A.F. KHALIL GIBRAN, S.L."
612,PEQUEÑO PRINCIPE SOC.COOP.LTDA.
613,DELPHOS-COFA S.L.
614,ASOCIACION NACIONAL PRESENCIA GITANA
615,"POMME D'API, S.L."
616,EVA GONZALEZ BARTOLOME
617,"COLEGIO EUROPEO DE MADRID, S.L."
618,ASOCIACION SCUOLA MATERNA ITALIANA DI MADRID
619,HIJAS DE SANTA MARIA DEL CORAZON DE JESUS
620,ASOCIACION PADRES DE NIÑOS CIEGOS (A.P.N.I.C.)
621,OBRA SAINT LOUIS DES FRANÇAIS
622,"CENTRO EUROPEO DE ESTUDIOS PROFESIONALES,S.L."
623,ASOCIACION FEDA MADRID
624,"ACTIVIDADES INFANTILES, S.L."
625,"EL PUNTAL, FORMACION Y TECNICAS ASISTENCIALES,S.L"
626,ISIDORA MOYA FERNANDEZ
627,MONTESSORI SCHOOL EL ENEBRAL S.L.
628,ESTUDIOS FINANCIEROS VIRIATO S.A.
629,JESUS MARIA CAMPOS CONCHA
630,"C.REHABILITAC.D.PLAZA,MEDICO PSICOPEDAG.S.A."
631,LEONIDES CORTE HEREDERO
632,EMBAJADA DE LA REPUBLICA DE IRAK
633,"KOALA BEAR, S.L."
634,CENTROS ESCOLARES BALDER S.L.
635,MONTEBAL EDUCADORES S.L.
636,"CESO, S.A."
637,"EPISTEME GALAPAGAR, S.L."
638,CAMARA OFICIAL DE COMERCIO E INDUSTRIA DE MADRID
639,"MISIONERAS DE JESUS,MARIA Y JOSE"
640,"LABORDOC, S.L. UNIPERSONAL"
641,DOMINGO GUIJORRO CARRASCO
642,MARIA DEL CARMEN IGEA RASUEROS
643,IGNACIO HAZAS VIAMONTE
644,"CENTRO PARA EL DESARROLLO INTEGRAL DEL NIÑO,S.L."
645,"CENTROS DE EDUCACION INFANTIL EL ARRULLO, S.L."
646,"SOCIEDAD UNIPERSONAL ESCUELA SUPERIOR DE FORMACION, S.L."
647,"MENAGAR, S.L."
648,ELLALUNA SOCIEDAD COOPERATIVA MADRILEÑA DE ENSEÑANZA. S.COOP
649,EULALIA PAREDES SANTE
650,"EL TREN DE LOS NIÑOS, S.L."
651,"ST. ANNE'S SCHOOL, S.A."
652,"CEIN TRASGOS, S.L."
653,"CHIQUITINES EN ACCION, S.L."
654,ANTONIO NAVAS SANZ
655,"EDUCRIS PROYECT, S.L. UNIPERSONAL"
656,"NIEBEL, S.L."
657,"DISNAL, S.A."
658,"ABETITOS AND CHILDREN, S.L."
659,"MABEROGAN, S.L."
660,"ASENSIO & BUSTAMANTE, S.L."
661,"RUNNYMEDE COLLEGE, S.A."
662,"ESCUELA DE MUSICA CREATIVA, S.L."
663,"MUSIC BOX LEARNING, S.L."
664,"CENTRO INFANTIL MAMATINA, S.L."
665,"CENTRO DE ESTUDIOS DEL VIDEO, S.A."
666,"SOTO MESA, S.L."
667,IGNACIO Y ALVARO RUIZ-ANDINO ILLERA
668,ELENA LANILLOS MATESANZ
669,FATIMA TERA CARRASCOSA
670,"OPUS CHRISTI, ASOCIACION CULTURAL"
671,MARIA ISABEL PRIETO CAÑAS
672,"DENENES, SOCIEDAD COOPERATIVA MADRILEÑA"
673,"DON PITUFO, S.L."
674,"EDUCACIONALCE, S.L."
675,"ESCUELA INFANTIL EDOA, S.L."
676,FUNDACIONCNSE PARA LA SUPRES.DE LAS BARRERAS DE COMUNICACION
677,"LUISMAPETONGA-PELUCHES, S.L."
678,Mª DEL CARMEN GARCÍA PÉREZ
679,"ESCUELA INFANTIL MAMA QUECA, S.L."
680,"COLEGIO LUYFERIVAS, S.L."
681,SUSANA EDURNE PÉREZ ESTURO
682,"SIERVAS DE LOS POBRES, HIJAS SAGRADO CORAZON DE JESUS"
683,"PROMOCION DE JARDINES DE INFANCIA, S.A. (PROJARDIN,S.A.)"
684,"ELAP EDUCACION, S.L."
685,"COGUARD, S.L."
686,"HERMANAS OVEJERO PUENTE, S.L."
687,"GONZALEZ YARZ, S.L."
688,"EDUCACION GENERAL Y ARTES, S.A."
689,"CLICKTOGAIN C2G, S.L."
690,"TECNICAS INTEGRALES DE EDUCACION Y OCIO, S.L."
691,"CIUDAD INFANTIL MIRABAL, S.A."
692,"JIROMAR EDUCACION, S.L."
693,"ESCUELA INFANTIL PELUCHES, S.L."
694,MARIA DEL CARMEN DIEZ DIEZ
695,BELEN LORIGADOS GONZALO
696,TODO PARA LA INFANCIA. S.L.
697,"EL MARAVILLOSO MUNDO DE LOS  NIÑOS, S.L."
698,"CENTRO INFANTIL GLOBOS, S.L. UNIPERSONAL"
699,"NEMOMARLIN FRANCHISE, S.L."
700,MARIA JOSE ALBERQUILLA TORRES
701,"ESCUELA Y RESIDENCIA INFANTIL PECAS, S.L."
702,"DEGAMARTIN, S.L."
703,"GARABATOS Y OCHO PATOS, S.L."
704,NOEMI ADARBE MARCOS
705,"CULTURAL ESNODA, S.L."
706,"LUDOCENTER, S.L."
707,"MADRID LUNALU, S.L."
708,MARIA ISABEL GOMEZ MORENO
709,MARIA DEL PILAR GONZALEZ HENRIQUEZ
710,MARIA VIVANCO FELIZ Y JULIA SEISDEDOS SANTOS
711,"ALFONSO XIII 30, S.L."
712,ASOCIACION DE PADRES DE ALUMNOS DEL INTA (A.P.A.I.)
713,ASOCIACION PAUTA
714,Mª JOSEFA MARTIN NOVOA
715,EVA MARIA TEMIÑO GONZALEZ
716,"PAIDES, S.L."
717,ESCUELA WALDORF DE ARAVACA
718,MARIA JOSE ESCASO FERNANDEZ
719,"ENSEÑANZA INFANTIL GARABATOS, S.L."
720,MARIA MERCEDES GARCIA GONZALO
721,"LA GATITA CURIOSA, S.L."
722,FUNDAC. PARA INVESTIGACION Y DESARROLLO DE ESTUDIOS (FIDES)
723,"GUARDERIA LAZARO, S.L."
724,PATRICIA BRAVO ESCUDERO
725,PILAR ALBA DE DIEGO
726,"ARCOS JIO,  S.A."
727,ALMUDENA OLIVER PINACHO
728,ROSARIO MOLINA MARTIN
729,JULIA MORENO GONZALEZ
730,MARIA DEL CARMEN PEREZ MATEO
731,"MIRASUR INTERNATIONAL SCHOOL, S.L."
732,"CLEVER CLOGS, S.L."
733,MARIA CARMEN ROCHE RUBIO
734,RICO & CAMACHO. S.L.
735,MARIA LUISA DIAZ ALSINA
736,SUSANA GARCIA SCHÖRDTER
737,"GRIMM INICIATIVA PEDAGOGICA, S.L."
738,Dª VIRGINIA CORROCHANO PEDRAZA
739,"SEK SAN ILDEFONSO, S.L."
740,LAURA GONZALEZ COITO Y PATRICIA GARCIA CARTAGENA
741,"GUARDERIA INFANTIL PRIMEROS PASOS, S.L."
742,"PROACACIAS EDUCACIÓN,  S. L., SDAD. UNIPERSONAL"
743,ANTONIO AYALA GARCIA
744,MAYRA ALEJANDRA ARMAS TAPIA
745,ISABEL CALLEJO PRADOS
746,SARA HERNANDEZ SANCHEZ
747,ADELA MARIA BALLESTER DE GREGORIO
748,LAURA LUCAS AROZAMENA
749,"EL ARCA DE MINELI, S.L."
750,TANIA FERREZ LOPEZ
751,VIRGINIA FERNANDEZ TOMICO
752,"EL PINAR INFANTIL, S.L."
753,"GARABATOS CINCO ESTRELLAS, S.L."
754,"CENTRO INFANTIL BLANCANITOS, S.L."
755,FLORENCIA ROSA RUBIO MERINO
756,ELENA GARCIA SCHÖDTER
757,"ESCUELA INFANTIL ESPIRITU SANTO GUARDERIA DE PRIMER CICLO,SL"
758,SARA CALVO NIETO
759,ELMA LUISA CASAL PEREZ
760,SUSANA Y PALOMA SORIANO MONGE
761,GEMA PEREZ DELGADO
762,MARTA MAESTRE FERNANDEZ
763,"S.DÍAZ, A.F.ALCÓN, M.I.FERNÁNDEZ, C.MENA, P.LÓPEZ, M.J.RICO"
764,"PELANCHA, S.L."
765,MARGARITA FERNANDEZ PINO
766,"S.DIAZ, A.F.ALCON, M.I.FERNANDEZ, C.MENA, P.LOPEZ, M.J.RICO"
767,"EL CHOVO, S.L."
768,ASUNCION GONZALO PRIETO
769,"MINIMOS Y DIMINUTOS ESCUELA INFANTIL, S.L.L."
770,"CENTRO SUPERIOR DE FORMACION EUROPA SUR, S.A."
771,"CISTA COLEGIOS, S.L."
772,"ESCUELA INFANTIL CINCO ESTRELLAS, S.L."
773,ELIA GRECIANO BARRADO
774,"JARDIN DE INFANCIA GEMINIS, S.L."
775,"PEREZ AGUIAR, S.L."
776,"ESCUELA INFANTIL LOS PECES, S.L.L."
777,"EIYAKI, S.L."
778,"CENTRO DE EDUCACION INFANTIL REINA CRISTINA, S.L."
779,INSTITUTO SECULAR DE SCHÖENSTATT HERMANAS DE MARIA
780,SONIA MARÍA CERQUEIRAS TORRADO Y ARÁNZAZU LÓPEZ LÓPEZ
781,"LEGASANFER, S.L."
782,"LAYRA ENSEÑANZA, S.L."
783,"CENTRO DE INFANCIA EL CHALET,  S.L."
784,EMMA GARCIA CIFUENTES
785,JACAR EDUCA S.L..
786,JOSE ANTONIO ARROYO BENITO Y ROCIO PATIÑO PRIETO
787,JOSEFA PILAR RUIZ LIFANTE
788,"ESCUELA INFANTIL COSQUILLAS, S.L."
789,LIS CAROLINA ARZA GONZALEZ
790,SARA TESTILLANO BESNARD
791,"BANANA Y MELÓN, S.L."
792,ADELA LEON COELLO
793,"GUARDERIA LA CASITA VERDE, S.L."
794,OLAYA MATEOS JAVALOYES
795,"HEIDI GARABATOS, S.A."
796,"ASOC. NUESTRA SEÑORA SALUS INFIRMORUM, DIOCESIS DE MADRID"
797,"CHIQUI SANSE, S.L."
798,"LA JIRAFA, S.L."
799,FUNDACION IBEROAMERICANA DE CIENCIAS SOCIALES Y DE LA SALUD
800,ASOCIACION CULTURAL ESCUELA POPULAR DE PROSPERIDAD
801,ANTONIA MORENO MARTINEZ
802,"GHOSTLAND EDUCACION, S.L."
803,SILVIA HERNÁNDEZ MARTÍNEZ
804,"EDUCANDO JUNTOS, S.L."
805,OSCAR DIEZ RODRIGALVAREZ
806,ESPERANZA DE LARA DEL OLMO
807,"BULLIDO Y FLOR, S.L."
808,Mª. CONSUEL0 Y Mª. CRISTINA JIMENEZ HIDALGO
809,"ROSE Y SILVIA, S.L. UNIPERSONAL"
810,"JARDÍN CON ENANITOS, S.L."
811,CRISTINA JIMENEZ HIDALGO
812,"V3M PROYECTO MICOS, S.L."
813,"EDUCACION INFANTIL LEONOR, S.L."
814,ORDEN DE HIJAS DE MARIA NUESTRA SEÑORA
815,"CENTROS EDUCATIVOS MADRILEÑOS, S.A."
816,MM. DOMINICAS DE NTRA. SRA. DE LAS VICTORIAS
817,ESTEFANIA ESTUDILLO PARDAL
818,"MIRIVAN 22, S.L."
819,VANESSA YANES GONZALEZ
820,OLGA MARGARITA ROMERO GUTIERREZ
821,MARIA JESUS MOYA FERNANDEZ
822,ARANZAZU ESTEVEZ RODRIGUEZ Y ASUNCION DIAZ CAÑAMARES
823,"PROMOCION DE JARDINES DE INFANCIA, S.A. (PROJARDIN, S.A.)"
824,"CARAMEL ACTIVIDADES, S.L."
825,"CENTRO DE EDUCACION INFANTIL PIPO'S, S.L."
826,"CUATRO PECAS ESCUELA INFANTIL, S.L. UNIPERSONAL"
827,"INFANTIL VILLALBA, S.L."
828,"ALEGRE KOALA 3, S.L."
829,CARMEN MONTERO ANTON
830,"RESIDENCIAL SENIOR 2000, S.L.U."
831,ASOCIACION ALDEAS INFANTILES S.O.S. DE ESPAÑA
832,"ESCUELA INFANTIL AURORA, S.L."
833,ASUNTA PEREZ ESPINOZA
834,"CACHETAS DE COLORES, S.L. UNIPERSONAL"
835,"LA CASITA DE LA ABUELA GUARDERIA INFANTIL, S.L."
836,"IMARO EDUCA, S.L."
837,MANUEL GUERRERO HORNERO
838,"CENTRO DE EDUCACION INFANTIL SUEÑOS DE PAPEL, S.L."
839,"MICOS, MI PRIMER COLE, S.L."
840,AMAYA VERGARA ECHEVERRIA
841,"ALJAPALE, S.L."
842,CRISTINA GADEA CIRIA
843,ROSARIO Y MARGARITA BURGOS PEREZ
844,"FISBIS EDUCACION, S.L."
845,"ESCUELA INFANTIL SANDY, S.L."
846,"ESCUELAS INFANTILES HAPPY TALENT, S.L."
847,MATILDE DE MIGUEL RAYO Y VIRGINIA VAZQUEZ RAMOS
848,RODRIGO FRANCO ROLDAN
849,"KYM ESCUELAS, S.L."
850,A GATAS ESCUELA INFANTIL S.L.
851,"CENTRO EDUCATIVO INTERNACIONAL EL JARAMA, S.L."
852,"EL PEQUEÑO SOCRATES, S.L."
853,"JOISA EDUCA, S.L. UNIPERSONAL"
854,PATRICIA MARIN GOMEZ / LAURA GARCIA GONZALEZ (47046300F)
855,"ESCUELA INFANTIL LOS REMEDIOS, S.L."
856,CONSUELO CEREZO LOZANO
857,LUISA FUNEZ DIAZ
858,"ESCUELA INFANTIL PEQUEÑO SOL, S.L. UNIPERSONAL"
859,"DOS HERMANAS NUEVO CENTRO, S.L."
860,MATILDE MARTIN SANTIBAÑEZ
861,ROCIO BLAZQUEZ REDONDO
862,"CALENDULA EDUCACION, S.L."
863,"ELMAPAZ DAVILA, S.L."
864,ANGEL GARCIA DE LA SERNA HERNANDEZ
865,"PINOCHO EDUCACION, S.L. UNIPERSONAL"
866,MARIA DELIA MARTINEZ ROZAS
867,"EL NIÑO LIBRE, S.L."
868,ESTER DIAZ ALONSO
869,"INGGY KIDS, S.L."
870,GUARDERIA KIKA S.L. UNIPERSONAL
871,JOSE ARROYO PEREZ
872,JUANA MARIA PEREZ CALAZA
873,LUCIA CORPA CARPINTERO
874,"CENTRO DE EQUIPAMIENTO ZONA OESTE, S.A."
875,"EL PATIO TORRELODONES, S. L. L."
876,"LAS TRAVESURAS DE MARIETA, S.L."
877,"CUCUTRAS, S.L."
878,CENTRO DE EDUCACIÓN INFANTIL PATUCO S.L.
879,"CHIQUI DIMA, S.L."
880,LUIS ENRIQUE HERNANDEZ SANCHEZ
881,"EBET EDUCACION, S.L."
882,MARIA DEL CARMEN NICOLAS VICTORI
883,"EDIS INFANTIL, S.L. UNIPERSONAL"
884,"COMERCIALIZADORA GUTIERREZ NUÑEZ, S.L."
885,"BACHAIDA, S.L."
886,"ANASEDUCACION, S.L."
887,"PROYECTOS DE EDUCACION INFANTIL LA OCA LOCA, S.L."
888,"INVESTIGACION Y SERVICIOS EDUCATIVOS LOGOS, S.A."
889,"MI PRIMER COLE 4, S.L."
890,"TENAVA EDUCATION, S.L."
891,"ESCUELA INFANTIL PEÑAS ALBAS, S.L."
892,VIRGINIA SANCHEZ DIAZ
893,"EDUCAMUNDO INFANTIL, S.L."
894,"BEBINES, S.L."
895,TERESA SANTOS CURIEL
896,ANA MARTINEZ-FRESNEDA GOMENDIO
897,"AGRONOMÍA Y EDUCACIÓN, S.L."
898,LAURA BARRANCO SANCHEZ
899,"GRUPO PEDAGOGICO DICA, S.L."
900,"ESCUELA INFANTIL MARILUZ Y CARMEN, S.L."
901,ARBOS S.L. UNIPERSONAL
902,"ESCUELA INFANTIL JUGUETONES, S.L."
903,"ESCUELA INFANTIL MUÑECOS, S.L."
904,"JARDIN INFANTIL, S.L."
905,VIRGINIA ROYO ESQUIDEZ
906,"BUEN BEBE, S.L."
907,"SERVICIOS EDUCATIVOS ALTERNIA, S.L."
908,"ZAZUAR, S.L."
909,"KIDSCO BALANCE, S.L."
910,"JARDIN DE INFANCIA EL PARQUE, S.L."
911,"GARLY INFANTIL, S.L."
912,"EDUCACION INFANTIL MI COLE, S.L."
913,"ESCUELA INFANTIL NACER, S.L."
914,"MA YOLARTA, S. L. L."
915,"KING'S INFANT SCHOOL, S.L."
916,REAL FEDERACION ESPAÑOLA DE FUTBOL
917,FEDERACION DE FUTBOL DE MADRID
918,"SAIJA ROMERO, S.L."
919,BELINDA GRACIANEA CASANOVA
920,"GROW WITH US, S.L."
921,"ADAGIO CONSULTORIA Y SERVICIOS, S.L.L."
922,Mª ELENA SANCHEZ SANCHEZ-MASCARAQUE
923,"PROMOROZAS, S.L."
924,ENCARNACION VIEDMA MOLERO
925,"MONTESSORI SCHOOL EL ENEBRAL, S.L."
926,"MARLO ESCUELA INFANTIL, S.L."
927,"GUARDERIA ÑECOS, S.L. UNIPERSONAL"
928,"ESMABE ESCUELA INFANTIL, S.L.U."
929,"GUARDERIA MUPRA 2000, S.L."
930,MARIA ROCIO MARTIN MORRO
931,"GUARDERÍAS QUITA Y PON, S.L."
932,"EQUIPO EDUCATIVO MIJACK, S.L."
933,"ADACEM ESCUELA INFANTIL, S.L. UNIPERSONAL"
934,MARIA LUISA MORALES DIAZ
935,"INVERSIONES TARITA, S.L."
936,"AVIONES DE NABEL, S.L."
937,"MI PEQUEÑO MUNDO INFANTIL, S.L."
938,"ESCUELA INFANTIL LOS RETOÑOS, S.L."
939,"LICEO 3, S.L."
940,"SAN ROMAN ESCUELA DE ESTUDIOS SUPERIORES, S.L."
941,"VAJO SOTO MORA, S.L."
942,"KINDERIN, S.L."
943,MARIA VICTORIA GARCIA JIMENEZ
944,"LITTLE JUNGLE, S.L."
945,"EDUCACION Y FORMACION LA LUNA, S.L."
946,Dª SHEILA PARAGES JIMENEZ
947,"ESBUDECO, S.L."
948,MISIONERAS DE LA CARIDAD Y LA PROVIDENCIA
949,"NURSERY TODO NIÑOS, S.L."
950,"TITO GUSANITO, S.L."
951,"BE KID EDUCACION, S.L."
952,"ESCUELA INFANTIL CANILLAS, S.L. UNIPERSONAL"
953,MARIA MACARENA CUENCA MARTINEZ
954,SILVIA RODRIGUEZ BASCIANO
955,RR.TEATINAS INMACULADA CONCEPCION-PROVINCIA ESPAÑO.N.S.PROV.
956,"MS DIDAC SERVIVIOS EDUCATIVOS, S.L."
957,"LAURA LÓPEZ TOLEDANO, ESTER CRIADO ÁLVAREZ Y ANA LIDIA HEVIA"
958,"LABORA BABY CENTER, S.L."
959,"CENTRO DE EDUCACIÓN INFANTIL LOS SOLECITOS, S.L."
960,"ESCALY ESCUELAS INFANTILES, S.L."
961,"EL JARDIN DE LOS PELUCHES, S.L."
962,"ESCUELA INFANTIL KIDUU, S.L."
963,"DEL VAL EDUCACION, S.L."
964,"CHIQUI TIN MORATALAZ, S.L. UNIPERSONAL"
965,"ESCUELAS CHIQUITÍN, S.L UNIPERSONAL"
966,VIRGINIA DOMINGUEZ CARRETERO Y SILVIA GUARDIOLA GARCIA
967,"COCO EDUCACION, S.L."
968,"BEANA ESCUELAS DE OCIO INFANTIL, S. L."
969,"ESCUELA INFANTIL PEQUEÑECOS, S.L."
970,"PIXIE DUST, S.L."
971,"INFANCIA TRES COLORES, S.L."
972,PILAR PATRICIA ROLDAN MUÑOZ
973,"CENTROS INFANTILES SOLETES, S.L."
974,"WIBREL EDUCACION CENTRO, S.L."
975,Mª JOSEFA DE MIGUEL MARTIN
976,"LITTLE FRIENDS, S.L."
977,ENCARNACION Y SONIA CABALLERO AGREDANO
978,SANTIAGO PEREDA OBREGON Y MARIA DEL MAR PEREZ DURAN
979,"EL CASTILLO DE NANOS, S.L."
980,"CENP NUEVAS PROFESIONES, S.R.L."
981,"DEUTSCHE KINDERSTUBE NIDO, S.L."
982,"EUROALINA NEGOCIOS, S.L."
983,"CONTUMAMI, S.L."
984,"CORSIN & VARGAS, S.L."
985,"CHIQUITIN CENTROS PROPIOS, S.L."
986,"EL PARQUE DE LA PIOVERA, S.L.L."
987,"ESCUELA INFANTIL PIPPIU, S.L."
988,Mª TERESA REJAS GONZALEZ-PALENCIA
989,"GRUPO PINTOR Y OROQUIETA, S.L."
990,"ESCUELAS CHIQUITIN, S.L.UNIPERSONAL"
991,"ESTRELLA ANDAL, S.L."
992,"ESCUELAS CHIQUITIN, S.L. UNIPERSONAL"
993,"MONICA GONZALEZ GONZALEZ 000746694Z,  S.L.N.E."
994,"AITABELA, S.L."
995,"PIU PIU SERVEIS, 2000, S. L."
996,"DONDE ESTAN LAS LLAVES, S.L."
997,ARIEL ALFONSO CANNIZZO
998,ROCÍO JIMÉNEZ MURIEL Y GUIOMAR DE LEÓN FERNÁNDEZ
999,"CENTRO DE ED. INFANTIL Y DESARROLO PSICOMOTRIZ PIRUETAS,S.L."
1000,"MASCERO EDUCACIÓN, S.L. UNIPERSONAL"
1001,"KIDKISS, S.L. UNIPERSONAL"
1002,"ESCUELA INFANTIL PUZZLE, S.L."
1003,PATRICIA SANTOS DE LA PEÑA Y Mª LUISA CORDOBILLA MADERA
1004,ALBERTO ARROYO BENITO Y PALOMA MATILLA LARA
1005,"MDB ESCUELAS, S.L."
1006,"EDUCARUMI, S.L."
1007,"LAPICEROS SERVICIOS EDUCATIVOS, S.L."
1008,"EDUCACION INFANTIL LOS PEQUEÑITOS, S.L."
1009,"TOPOCHITOS, S.L."
1010,"ESCUELAS INFANTILES ELIMARIS, S.L. UNIPERSONAL"
1011,MARIA JOSE DIAZ GARRIDO
1012,"BENJAMINES ESCUELA INFANTIL, S.L."
1013,"PEQUEÑECOS PARQUE NORTE, S.L."
1014,"EDUKOMOLOKOS, S.L."
1015,"504 NIÑOS, S.L."
1016,BEATRIZ TRUJILLO FERNANDEZ
1017,"DUQUE Y NAVARRO ESCUELAS INFANTILES, S.L."
1018,"ESCUELA INFANTIL EL CUENTACUENTOS, S.L."
1019,LUIS FERNANDEZ MARTINEZ-DELGADO Y SARA FDEZ MARTINEZ-DELGADO
1020,"BABYSTAR GARRIDO, S.L."
1021,JULIO ESTRELLA MOLINA
1022,"SONIA Y ESTHER CALIOPE, S.L."
1023,"ANIMALES NIÑOS O UNICORNIOS, S.L."
1024,"PENDIKAN, S.L."
1025,SARA CANO HERVAS
1026,NOELIA BRAVO BLASCO
1027,FAUSTINO DOMINGUEZ GARCIA
1028,"LIOVILIOVA CONSULTING, S.L."
1029,"DESARROLLO INTEGRAL EDUCATIVO, S.L."
1030,"ESCUELA INFANTIL NAYER KIDS, S.L"
1031,"NUBES DE COLORES EDUCACION, S.L."
1032,PABLO GONZALEZ JIMENEZ
1033,"ESCUELA INFANTIL PIQUIO, S.L."
1034,"ALABIN ALABAN, S.L."
1035,ROSA CUADRADO RUIZ
1036,MARIA GONZALEZ NUÑEZ
1037,"LITTLEPEGASITO, S.L."
1038,"TAKANAVI, S.L."
1039,"HELENA Y MARÍA RIVERA DEL OLMO, SOCIEDAD CIVIL"
1040,"ESCUELAS INFANTILES VELILLA, S.L."
1041,"CENTRO DE EDUCACION INFANTIL VILLANUEVA RENACUAJOS, S.L."
1042,"ESCUELA INFANTIL EL BEBE, S. L. UNIPERSONAL"
1043,Mª JESUS MOYA FERNÁNDEZ
1044,"CANPADAMAR, S.L."
1045,CARITAS DIOCESANA DE MADRID
1046,"EL BOSQUE ENCANTADO 2006, S.L."
1047,"ZARZADUC EDUCACION INFANTIL, S.L. UNIPERSONAL"
1048,"PEQUESOL, S.L."
1049,"COBRAINS, S.L."
1050,JULIANA FRESNILLO POZA
1051,"SAMADA, S.L."
1052,"MUNDOBEBE, EDUCACION Y OCIO INFANTIL, S.L. UNIPERSONAL"
1053,FUNDACION DE LA DANZA ALICIA ALONSO
1054,"PEDAGOGIA DEL MEDIO AMBIENTE, S.L. UNIPERSONAL"
1055,"JEMSOLROA, S.L.L."
1056,SONIA ALVAREZ ARRANZ
1057,ANA ISABEL DIAZ GARCIA
1058,RAQUEL UGIA MURILLO
1059,"PANAMBI SIGLO XXI, S.L. UNIPERSONAL"
1060,"EDUCACION CREATIVA Y SOCIAL, SOCIEDAD COOPERATIVA MADRILEÑA"
1061,CHIQUITIN CENTROS PROPIOS SL
1062,"KING'S COLLEGE SCHOOL, S.L. UNIPERSONAL"
1063,"ESCUELA INFANTIL POMPITAS, S.L."
1064,ESTRELLA ANDAL S.L.
1065,"ESCUELA INFANTIL DE HUMANES, S.L."
1066,MARIA SONIA MARTIN GOMEZ
1067,"EL PARQUE DE YAKY Y NUKA, S.L."
1068,"ESCUELA INFANTIL BABYLIN, S.L."
1069,"EL GLOBO CELESTE, S.L."
1070,ASOCIACION APOYO VOLUNTARIO VALLECAS TODO CULTURA
1071,ROSA APAUSA CAIDAS Y BERNARDO FDEZ-CABALLERO PEREZ DE BUSTOS
1072,CAROLINA LOPEZ DORADO
1073,"ESCUELA INFANTIL LA CASITA DE KIKA, S.L."
1074,"MBR SOLUCIONES EDUCATIVAS BÁSICAS, S.L."
1075,ISABEL BAÑOS REDONDO
1076,"NUESTRO MUNDO MÁGICO, S.L."
1077,"LA CASITA DE GUS, S.L.U."
1078,"ESCUELA INFANTIL PARQUE DE ODÓN, S.L."
1079,"CENTRO INFANTIL MARAVILLAS, S.L.U."
1080,"TINKERBELL ENTRETENIMIENTO, S.L."
1081,SOLEDAD RAMÍREZ PÉREZ Y Mª DELVALLE RAMÍREZ PÉREZ
1082,ASUNCION LOBATO ACEDO
1083,"ESCUELA INFANTIL PEQUEÑOS BICHITOS, SL"
1084,MARIA JOSE RODRIGUEZ FOLGUERA
1085,VICENTA DOMINGUEZ DOMINGUEZ
1086,INIZIA GUARDERIAS SL
1087,"CELART DESARROLLO INFANTIL, S.L UNIPERSONAL"
1088,"EQUIPO EDUCATIVO EL BOSQUE, S.L."
1089,MONTEPRADO EDUCACION S.L. UNIPERSONAL
1090,"ST. MICHAEL SCHOOL, S.L."
1091,"ANDOCRIS, S.L."
1092,PATRICIA ARRIBAS MURILLO
1093,OLGA DE CASTRO ESTEBAN
1094,CAROLINA MARTÍN FUEYO
1095,MARIA ASUNCION MARIN HERNANDEZ
1096,"LOS NIDOS EDUCACION INFANTIL, S.L."
1097,"ESCUELA INFANTIL NENUFAR, S.L. UNIPERSONAL"
1098,"GESTION EDUCATIVA RONA, S.L. UNIPERSONAL"
1099,"CASSAIN CONSULTORES, S.L. UNIPERSONAL"
1100,"EL JARDIN DE LOS GARABATOS, S.L."
1101,"ESTRELLA DE MAR, S.L.L."
1102,"NEMO & MARLIN INVERSIONES, S.L."
1103,PLACIDO LAZARO SASTRE
1104,REBECA CEBRIAN TORALLAS
1105,"PECECITOS CENTROS INFANTILES, S.L."
1106,"JUNION AND ENDRA,S.L. UNIPERSONAL"
1107,"RECAPA GUARDERIAS, S.L."
1108,MARTINA CHRISTIANE BECKERLING DE PIRA
1109,"ESCUELA INFANTIL VICKIE, S.L."
1110,"LOS PAMPINOS, S.L."
1111,"COLORS CAAS, S.L."
1112,"INICIATIVAS EDUCAVALORES JUFER 2021, S.L. UNIPERSONAL"
1113,"BRITISH PRINCE SCHOOL, S.L."
1114,"BOLBORETA EDUCACION, S.L."
1115,"EL PEQUEÑO MOZART, S.L."
1116,"CENTRO INFANTIL CIUDAD JARDIN, S.L."
1117,SANDRA YERGA VALDEMORO
1118,"GLOBO DESARROLLO INFANTIL, S.L."
1119,"COLORINES HENARES, S.L."
1120,"HOLA CARACOLA, S.L."
1121,"DIVERTIA ESCUELA INFANTIL, S.L."
1122,"MONKEY SCHOOL, S.L. UNIPERSONAL"
1123,"GUARDERIA LOS PEKES, S.A."
1124,BEATRIZ DOMINGUEZ GALAN
1125,"JIMENEZ Y MARTIN SANTOS, S.L."
1126,Mª DE LOS ANGELES MORENO ALARCON
1127,"ESCUELA INFANTIL GOOFY, S.L."
1128,AGUSTINA ANGELES MARTIN ARAGONES
1129,"SUPER NENES, S.L.L."
1130,"GUARDERIAS PEQUEÑAJOS, S.L. UNIPERSONAL"
1131,"PRIMOS MOLINA VILA, S.L."
1132,"LITTLE BRAINS 2020, S.L."
1133,MARIA VICTORIA CARRILLO CALVO
1134,MARIA SOLEDAD GONZALEZ-CALERO MOYA
1135,ANA ISABEL TRUJILLO OLIVAN
1136,"CARANA INICIATIVAS, S.L."
1137,"MY LITTLE PLANET NURSERY SCHOOL, S.L. UNIPERSONAL"
1138,"EDUCANDO HOY, S.L."
1139,"SEGUCANO, S.L."
1140,"LOS POTRITOS BLANCOS, S.L."
1141,ALICIA ENCARNACIÓN GALLEGO PINEDA
1142,D. ALBERTO ARROYO BENITO / Dª ROSA PALOMA MATILLA LARA
1143,"SVERIGE IS WHITE, S.L."
1144,"ST. MICHAEL'S SCHOOL, S.L."
1145,"DESIREXPLORE, S.L."
1146,SANCALO S.L.
1147,DAVID IGLESIAS PARENTE
1148,"EMPRESA E INFANCIA LAS TABLAS, S.L."
1149,BEATRIZ ALVAREZ OLIVENZA
1150,"CENTRO DE EDUCACION INFANTIL LUNA LUNERA, S.L. UNIPERSONAL"
1151,"GUARDELANDIA, S.L."
1152,"ESCUELA INFANTIL COTTONS, S.L.L."
1153,"MUNDO CHIQUININOS, S.L."
1154,FEDERACION MADRILEÑA DE DEPORTES DE INVIERNO
1155,"BLOKUM EDUCACION, S.L."
1156,MARTA CUETO SILVA
1157,"CREACION FORMATIVA, S.L."
1158,"DESARROLLO Y ALQUILERES ORION, S.L."
1159,MARIA CARMEN JUNCO LARA
1160,"LITTLE TWINS, S.L."
1161,"BABYLUNA CN, S.L."
1162,"ECOEDUCATION, S.L."
1163,"CUENTOS DE COLORES DE ALCALÁ, S.L."
1164,"NENES COLORITOS, S.L.L."
1165,"MUÑEQUITO, S.L."
1166,ROCÍO PATIÑO PRIETO Y JOSÉ ARROYO BENITO
1167,"HOLY MARY CATHOLIC SCHOOL, S.L."
1168,"IMPRIMUS FORMACION TEMPRANA, S.L."
1169,"ESCUELA INFANTIL LOS JUNCOS, S.L."
1170,"AZALEA EDUCACION, S.L."
1171,REAL FEDERACION ESPAÑOLA DE BALONMANO
1172,LAURA RUEDA MOYA Y PATRICIA ROJAS CLEMENTE
1173,"CENTRO DE EDUCACION INFANTIL COLORINES DOS, S.L."
1174,CONGREGACION LEGIONARIOS DE CRISTO
1175,RAQUEL RUIZ SERRANO
1176,"ZAPILLO GESTION EDUCATIVA, S.L."
1177,ALEJANDRA Mª RODRIGUEZ MARTINEZ Y ANA ISABEL GUERRERO GARCIA
1178,REAL FEDERACION ESPAÑOLA DE ATLETISMO
1179,"ESCUELA INFANTIL BABILAND, S.L. UNIPERSONAL"
1180,"CENTRO ED.INFANTIL 0-3 AÑOS CON TUS MANITAS,S.L. UNIPERSONAL"
1181,PATRICIA GOZALO DÍAZ
1182,MARÍA BAUTISTA CARRETERO
1183,EL ARBOL ALEGRE S.L.
1184,"ESCUELA INFANTIL LOS ALMENDROS, S.L."
1185,"CENTRO DE APRENDIZAJE Y DESARROLLO INFANTIL DE MEJORADA, S.L"
1186,"ESCUELA INFANTIL CHUPETES, S.L."
1187,"ESCUELA INFANTIL BAJO EL MAR, S.L."
1188,"SUITE IMAGEN, S.L."
1189,"LA CASA DE ZIPIZAPE, S.L."
1190,"NUEVO PICCOLO, S.A."
1191,MARIA ISABEL ALEGRIA SANCHEZ
1192,Mª LUISA HUMANES BAUTISTA E ISABEL DELGADO NAVALPOTRO
1193,MONICA GONZALEZ VICIEN
1194,MARIA TERESA GARCIA MAJAN
1195,"OCIO MORAL, S.L. UNIPERSONAL"
1196,"COLEGIOS LAUDE, S.L.U."
1197,CAROLINA CORLAZZOLI MACHIN
1198,MARIA DEL CARMEN NUÑEZ JIMENEZ
1199,"LUGAR CENTROS INFANTILES, S.L."
1200,"EL OSITO DE PAPEL, S.L."
1201,"ESNE ESTUDIOS SUPERIORES INTERNACIONALES, S.L."
1202,"MILIOS GESTION, S.L."
1203,"MATISSE, ESCUELA DE ARTES, S.L. UNIPERSONAL"
1204,"TIERRA MELIDE PEDAGOGICA, S.L. UNIPERSONAL"
1205,"GESIJOVAL, S.L."
1206,"ASTROS PEDAGOGIA Y DESARROLLO, S.L."
1207,"BEA Y LORENA, S.L."
1208,"CUNCUNA, S.L."
1209,"CUCHITOS EDUCACION, S.L."
1210,"LOS ABETOS INFANTIL, S.L."
1211,"BICHEJOS, S.L."
1212,"NAVIO ALVAREZ, S.L."
1213,"GRUPO MANOPLAS, S.L. UNIPERSONAL"
1214,"LA CABAÑA MÁGICA, S.L."
1215,"SAMZU EDUCACION, S.L."
1216,TANAGO DE LA RIVA S.L.
1217,"ESCUELA INFANTIL REGGIO, S.L."
1218,"NUEVAS INSTALACIONES EDUCATIVAS 2010, S. L."
1219,"UNIVERSIDAD EUROPEA DE MADRID, S.L. UNIPERSONAL"
1220,"UNIVERSIDAD EUROPEA DE MADRID, S.A.U."
1221,LAURA HOLGADO BELCHI
1222,"ESCUELA INFANTIL MINICLUB, S.L."
1223,BIBIANA MERCEDES CASALLAS MARIN
1224,ELENA SANCHEZ MARTINEZ
1225,"ESCUELA INFANTIL LITTLE DREAMS BOADILLA, S.L."
1226,MARIA ISABEL FLORES CARRETERO Y ANA MARIA ARRIBAS VEGA
1227,SONIA AVILA GUTIERREZ
1228,ASOCIACION FAMILIAS SIERRA GUADARRAMA
1229,"ESCUELA TEOREMA, S.L."
1230,"ESCUELA LA COLMENA, S.L."
1231,BEATRIZ GARCIA PEREZ Y CRISTINA CARRETERO GARCIA
1232,"CENTRO DE EDUCACION INFANTIL EL ARRULLO, S.L."
1233,"M&G BOSAIN, S.L."
1234,"CHILDBRAINS, S.A."
1235,"VIENTO ASTUR MADRID, S.L."
1236,ANA ISABEL NIETO RODENAS
1237,"ISTITUTO EUROPEO DI DESIGN, S.L."
1238,"2002 AGONZA, S.L."
1239,"LOS ANGELOTES DEL SIGLO XXI, S.L."
1240,MARIA TERESA BUSTAMANTE VIZUETE
1241,"ARALDA VALLE, S.L."
1242,MARIA FUENCISLA GARCIA LOPEZ
1243,"VILSAN COLECTIVIDADES, S.L."
1244,"TREVIRIAS, SOCIEDAD COOPERATIVA MADRILEÑA"
1245,"ESCUELA CHIRIBITAS, S.L."
1246,"ARTIST FACTORY, S.L."
1247,"INVERSIONES INMOBILIARIAS CRE, S.L."
1248,ESCUELAS CHIQUITIN  S.L. UNIPERSONAL
1249,CRUZ ROJA ESPAÑOLA
1250,"GUARDERIA MORENO RICO, S.L."
1251,CARMEN NUÑEZ FERNANDEZ
1252,MARÍA MERCEDES MONTERO LÓPEZ
1253,"INSTALACIONES IDESA, S.L."
1254,"COLEGIO ALEGRA, S.L."
1255,"UNA DECIMA DE SEGUNDO, S.L."
1256,"ESCUELA INFANTIL PRINCES, S.L."
1257,"SIULDALIA, S.L."
1258,SANDRA BACHS MASOLIVER
1259,"CRECIENDO Y SONRIENDO, S.L."
1260,"ADACEM Escuela Infantil, S.L."
1261,"JUGAR Y SENTIR, S.L."
1262,"ASOCIACION EDUCACION, CULTURA Y SOLIDARIDAD"
1263,CARMEN ROCHE RUBIO
1264,"JACAR EDUCA, S.L."
1265,"SAVELA ESCUELAS INFANTILES, S.L"
1266,"CENTROS INFANTILES ROCHAS, S.L."
1267,"VMR PROYECTOS 2004, S.L."
1268,"ARIAS PERLADO, S.L."
1269,CAROLINA FERNANDEZ HIGUERAS Y LUCIA PORRAS SANCHEZ
1270,"ZANGOLOTINAS EDUCA, S.L.L."
1271,SORAYA GONZALEZ MESA
1272,"ESCUELA INFANTIL DULCES MIMOS, S.L.L."
1273,"ST. ALICE'S NURSERY, S.L."
1274,"LIVINIA GROUP, S.L. UNIPERSONAL"
1275,"GRUPO WORKANDLIFE, S.L."
1276,SILVIA ZAMORANOGALLEGO Y PALOMA GLADYS FERNANDEZ CALLEJA
1277,JUANA OLALLA GARCIA
1278,ELISA BLAZQUEZ RUIZ
1279,"LLUVIA DE LETRAS, S.L."
1280,"JARA INNOVACION, S.L."
1281,"GREDOS HOLDINGS SPAIN, S. L."
1282,"MAISADI SUEÑOS, S. L. UNIPERSONAL"
1283,"ITEP FORMACION, S. L."
1284,"ESCUELA INFANTIL CHULAPOS, S. L."
1285,"CENTRO PEQUEÑO PRINCIPE LEGANES, S. L."
1286,"CITY COUNTRY SCHOOL, S. L."
1287,"CENP NUEVAS PROFESIONES, SRL"
1288,"CENAFE ESCUELAS, S.L. UNIPERSONAL"
1289,"PEGOTITOS Y ASOCIADOS, S.L. UNIPERSONAL"
1290,"COLEGIO CAMINO REAL, S. L."
1291,"GUARDERIA NIDO LA CIGUEÑA, S.L."
1292,"EADS CONSTRUCCIONES AERONAUTICAS, S.A."
1293,"LA VACA PELUDA,S.L."
1294,MIRIAM MENA MENOR
1295,"ADAN Y PEÑA, S.L."
1296,"INVERSIONES INFANTILES, S.L."
1297,"PEKELEKU EDUCA, S.L."
1298,"LITTLE ACORNS NURSERY, S.L."
1299,MARIA DEL VALLE NARA GARCIA FERNANDEZ
1300,"COMERCIAL DE DISTRIBUCIONES EDITORIALES, S.A."
1301,DOCENTES UNIDOS SOCIEDAD COOPERATIVA MADRILEÑA
1302,NOELIA AMIGO RODRIGUEZ
1303,"GRUPO CTO CENTRO DE FORMACION, S.L."
1304,"ESCUELA INFANTIL BUBBLES, S.L.L"
1305,"VILSANIX, S.L."
1306,"ESCUELA INFANTIL OLAVIDE, S.A."
1307,"U-TAD CENTRO DIGITAL, S.L."
1308,ASOCIACION ACADEMICA DE ENTRENADORES DE FUTBOL
1309,"LITTLE FROGS, S.L."
1310,"ARCADIA CENTROS DE EDUCACION INFANTIL, S.L."
1311,LUCIANA MARIA RADOVITZKY
1312,"ALAS DE PAPEL, S.L.L."
1313,"ENDAZE BRITISH INTERNATIONAL SCHOOL, S.L."
1314,"CENTRO DE EDUCACION DEPORTIVA JUMP UP, S.L."
1315,"ITEP FORMACION, S.L."
1316,ASOCIACION DE FORMACION DE ENTRENADORES NACIONALES (AFEN)
1317,FUNDACIÓN EDUCATIVA SANTO DOMINGO
1318,"SAN ROMAN ESCUELA DE ESTUIDOS SUPERIORES, S.L."
1319,"ACUARELA SCHOOL, S.L."
1320,"CES, JUAN PABLO II, S.L."
1321,"MOPE CONSULTORIA Y FORMACION, S.L."
1322,"INTERPRENDE, S.L."
1323,"ESCUELA INFANTIL PARQUE ODON, S.L."
1324,"AXELIA FORMACION, ACTIVIDADES Y OCIO, S.L."
1325,ASOCIACION ESCUELA DE FORMACION DE SEM
1326,"EADS CONSTRUCCIONES AERONAUTICAS, S.A.U."
1327,"AUTOESCUELA AULA, S.L. UNIPERSONAL"
1328,"KATARINA GURSKA, S.L."
1329,"CJS SERVICIOS EDUCATIVOS, S.L."
1330,"ESCUELA INFANTIL KINDER MY GARDEN, S.L."
1331,"ESCUNE FORMACION, S.L."
1332,"PLANETA DE AGOSTINI FORMACION , S. L. UNIPERSONAL"
1333,MARIA DEL ROCIO FERNANDEZ ORTEGA
1334,"INSTEDE FORMACION, S.L."
1335,"PROED,  EVALUA., DIAGNOSTICO Y APOYO A NECESIDADES EDUC,S.L."
1336,"ESCUELA NUEVA KEPLER, S.L."
1337,"FORMACION Y EDUCACION INTEGRAL, S.L. UNIPERSONAL"
1338,MARIA ISABEL LASO JIMENEZ
1339,"SYF GALENUS CENTER, S.L."
1340,LUCIA MONASTERIO PASCUAL Y ELENA ALVAREZ BERROCAL
1341,"PLANETA ENANO, S.L."
1342,"EDUCA SAN LORENZO, S.L."
1343,"JUVENTUD HUAXIA, S.L."
1344,MARIA JESUS GUTIERREZ CARRILLO
1345,"LIMASARA EDUCA, S.L."
1346,"RHYZOMAS, S.C.M."
1347,"ROZAS EDUCACION, S.L."
1348,"EDUCACION, DESARROLLO Y OCIO EUFIN, S.L."
1349,"CENTRO SUPERIOR DE HOSTELERIA DEL MEDITERRANEO, S.L."
1350,"INSTITUTO SUPERIOR DE PROTOCOLO Y EVENTOS, S.L."
1351,"MUSICAL MARTI VAM, S.L."
1352,"TEDDY CENTRO INFANTIL, S.L."
1353,"IDCSERVICIOS MOSTOLES, S.A."
1354,"COLEGIO ARENALES, S.L. UNIPERSONAL"
1355,"BRITISH & INTERNATIONAL SCHOOL XXI, S.L."
1356,UNION DE FEDERACIONES DEPORTIVAS MADRILEÑAS (UFEDEMA)
1357,"GRAN JORGE JUAN, S.A."
1358,"MIS SUEÑOS MAGICOS ESCUELA INFANTIL, S.L."
1359,"GARMIKIDS, S.L."
1360,"ESCUELA INFANTIL ATICA, S.L. UNIPERSONAL"
1361,"CONDESCEN-DIENTE, S.L.P."
1362,"TOY'S GARDEN, S.L."
1363,COMUNIDAD DEL CENTRO SUPERIOR UNIVERSITARIO
1364,CRISTINA SEGOVIANO ARIAS Y ÁNGEL SEGOVIANO ARIAS
1365,"CALDI INGENIEROS CONSULTORES, S.L."
1366,"EL DRAGON INTERNACIONAL SCHOOL, S.L."
1367,"MARO 08-ESCUELA INFANTIL-03, S.L."
1368,LETICIA GARCIA DE LA PARRA
1369,ANA BELÉN MOLINA TORRES
1370,"UNIVERSIDAD PRIVADA DE MADRID, SA."
1371,"UNIVERSIDAD A DISTANCIA DE MADRID, S.A."
1372,FUNDACIÓN LABORAL DE LA CONSTRUCCIÓN
1373,"EDUCACIÓN INFANTIL VALDEBABY, S.L."
1374,FUNDACIÓN ALBÉNIZ
1375,"ESNE-ESTUDIOS SUPERIORES INTERNACIONALES, S.L."
1376,"ALYMA EDUCAR, S.L."
1377,"INSTEDE FORMACIÓN, S.L."
1378,"ESCUELA INFANTIL PRIVADA LOS BÚHOS, S.L."
1379,"ALIEGO, S.L. UNIPERSONAL"
1380,VERONICA PUEYO ROA
1381,"LIDIBEL, S.L. UNIPERSONAL"
1382,"EDUCACIÓN Y PROGRESO, S.A."
1383,CONGREGACIÓN SALESIANA
1384,"ESCUELA HIPICA SOTO DEL ESPINAR, S.L:"
1385,"ENGLISH FOR FUN, S.L."
1386,"CENTRO EDUCATIVO ÁBACO, S.L.UNIPERSONAL"
1387,"DALLINGTON SCHOOL, S.L."
1388,"CASCO DORADO, S.L."
1389,"APLICACACIONES EN EDUCACIÓN INFANTIL, S.L."
1390,RAQUEL PEREZ NIETO
1391,"ESCUELA INFANTIL EDELWEISS, S.L."
1392,"LUBERNO, S.L."
1393,"LOGOMAPI, S.L."
1394,"ESCUELA MAYRIT, S.L."
1395,FUNDACION CVE EDUCAR PARA EL FUTURO
1396,SONIA Y ENCARNACION CABALLERO AGREDANO
1397,"MONTESSORI VILLAGE LA MORALEJA, S.L."
1398,"CAMPUS INTERNACIONAL DE ESTUDIOS SUPERIORES, S.L."
1399,"FORMAJOBS, S.L."
1400,DISCIPULOS COMUNIDAD STELLA MARIS
1401,MARTA BERMEJO ESCUDERO
1402,"ACADEF FÚTBOL, S.L."
1403,"TALLER CEFORA, S.L."
1404,"EMPRENDE Y GESTIONA 2015, S.L."
1405,"Centro de Enseñanzas Universitarias SEK, S.A."
1406,"CENTRO DE ENSEÑANZA UNIVERSITARIA SEK, S.A."
1407,"CENTRO FORMACIÓN ENSEÑANZAS PROFESIONALES LAS CADENAS, S.L."
1408,BELÉN CASTRILLO ÁLVAREZ
1409,"EL SITIO DE TU RECREO, S.L."
1410,ASOCIACIÓN MÚSICO CULTURAL LA LIRA DE POZUELO
1411,"CENTRO DE FORMACION DOCTOR V.M.P., S.L. UNIPERSONAL"
1412,"GM FOOTBALL ACADEMY, S.L."
1413,"TÉCNICOS DEPORTIVOS TANDEM, S.L."
1414,"PEQUEANDO JUNTOS, S.L."
1415,MªJOSE FERNANDEZ BENITEZ Y ESMERALDA ORTEGA GRANADO
1416,FEDERACION MADRILEÑA DE VELA
1417,BEATRIZ MARGARITA BARUTELL ALLENDE
1418,"ILERNA ONLINE, S.L"
1419,"DUENDECILLOS LETS PLAY, S.L."
1420,"GEA EDUCATIVA, S.L."
1421,"MELC, S.A."
1422,FUNDACIÓN MUSICA CREATIVA
1423,MURIEL AGUADO JIMÉNEZ
1424,"HEXÁGONO EDUCATIVO, SOCIEDAD COOPERATIVA MADRILEÑA"
1425,DELEGACIÓN EN ESPAÑA DE LA FUNDACIÓN BRITISH COUNCIL
1426,"GESTIÓN HÍPICA PROFESIONAL, S.L."
1427,"BAGUILAR 2005,  S.L."
1428,"PROINNOVA EUROPA, S.L. UNIPERSONAL"
1429,SARAY MARTÍN GARCÍA Y LORENA DOMINGO GARCIA
1430,"SIENA EDUCACION, S.A."
1431,"Instede Formación, S.L"
1432,ASOCIACIÓN COLEGIO DE HUÉRFANOS FERROVIARIOS
1433,CONRADO GALAN CASTELLANOS
1434,"RUCLACEMA, S.L."
1435,"EDUCACIÓN MADRID 2016, S.L."
1436,"ESCUELA INFANTIL PEQUEÑOS SUEÑOS, S.L."
1437,"MOFEBO, S.L. UNIPERSONAL"
1438,"EL JARDIN DE LARIN, S.L."
1439,"MI PEQUEÑO TONENO, S.L"
1440,"GESTIÓN Y EXPLOTACIÓN DE ESCUELAS INFANTILES, S.L."
1441,"ROCKING KIDS, S.L."
1442,"GRUPO AULA  FORMACIÓN Y EMERGENCIAS, S.L."
1443,"CENTRO DE ESTUDIOS MADRID NORESTE, S.L."
1444,"ARCADIA CENTROS DE EDUCACIÓN INFANTIL,  S.L.,"
1445,"LAS ENCINAS MATAESPESA, S.L."
1446,"SOLUCIONES INTEGRALES DEPORTIVAS Y FORMATIVAS, S.L."
1447,"ASOCIACIÓN PANGEA ESCUELA VIVA, S.L."
1448,"IMF INTERNATIONAL BUSINESS SCHOOL, S.L."
1449,CLUB DEPORTIVO ELEMENTAL AFINES
1450,AULA DE APRENDIZAJE S.L.
1451,"SANSTRI,  21 S.L."
1452,"PIKEKOS, S.L."
1453,"LUCIANO CORCHERO, S.L."
1454,ASOCIACION DOS LATIDOS ESPACIO DE CRECIMIENTO
1455,"IMAGINANDO AVENTURAS, S.L."
1456,ASOCIACION VEGA UN ESPACIO ACTIVO PARA CRECER
1457,INSTITUTO DE SALUD CARLOS III
1458,"EL NIDO DEL BÚHO, S.L."
1459,SONIA Y ENCARNACION AGREDANO
1460,"GRUPO EMPRESA GEFOSERMA, S.L. UNIPERSONAL"
1461,FUNDACION QUERER
1462,"DUNIKIDS, S.L."
1463,"EDUKEVER, S.L."
1464,"AVM 18 GALICIA, S.L. UNIPERSONAL"
1465,ASOCIACION EL PEZ LUNA
1466,"CAMPUS INNOVACION Y GESTION, S.L.L."
1467,"ENSEÑANZA DINAMICA, S.L. UNIPERSONAL"
1468,"CENTRO SUPERIOR DE ALTOS ESTUDIOS INTERNACIONALES, S.L. UNIP"
1469,ELENA CABALLERO ELVIRO
1470,"KROOM DOS DISEÑOS, S.L."
1471,"VALDEBEBITOS, S.L"
1472,"ELMARMAREL, S.L. UNIPERSONAL"
1473,ASOCIACION CHRISTIANS SCHOOL IN SPAIN
1474,"AQUINAS INTERNACIONAL SCHOOL, S.L."
1475,"AVIATION TRAINING & MAINTENANCE GROUP, S.L."
1476,"CRISOLAYA LEON, S.L. UNIPERSONAL"
1477,"LYSMON MADRID COLFER, S.A."
1478,"ONE ROOM SCHOOL HOUSE, S.L. UNIPERSONAL"
1479,FUNDACION JUDY SHARP
1480,CENTRO DE INVESTIGACION E INNOVACION PEDAGOGICA REGGIO S.L.
1481,"MAIARI EQUIPO EDUCATIVO, S.L."
1482,"IBERZEKEL INVEST, S.L."
1483,"BANCO POPULAR-INVERSIONES INMOBILIARIA ALPROSA, S.L."
1484,"NAGLOBO, S.L."
1485,RAQUEL RODRIGUEZ FUENTE
1486,"ESCUELAS INFANTILES LALINES, S.L."
1487,"RUIFERCOLOR, S.L. UNIPERSONAL"
1488,MARTA LOPEZ-MESAS LOPEZ
1489,"ROAZABEL, S.L."
1490,"GRUPO CDM ESCUELAS PROFESIONALES, S.L."
1491,"XIOTRAN INVESTMENT CORPORATE, S.L."
1492,"ALAVIDA, S.L."
1493,"CENTRO DE EDUCACION INFANTIL PATUCO, S.L."
1494,"TRIBERARTE, S.L."
1495,"ESCUELA PROFESIONAL IEM, S.L."
1496,"DASANGO DENTAL, S.L."
1497,"AVANZA ASESORIA Y ORGANIZACION DE FORMACION CONTINUA, S.L."
1498,"AITABELA, S.L. UNIPERSONAL"
1499,CENTRO INTERNACIONAL CRISTIANO DE MADRID
1500,"FORMACION, DEPORTE Y EMPLEO ESCUELA DEPORTIVA, S.L."
1501,FUNDACION DOM
1502,"LIDER SYSTEM ACADEMY, S.L."
1503,"TRAINEK FORMACION Y CONSULTORIA, S.L."
1504,CRISTINA PASCUAL SANCHEZ
1505,"WORKSHOP EXPERIENCE GROUP, S.L."
1506,"ALFUGES, S.L."
1507,REAL FEDERACION ESPAÑOLA DE ESGRIMA
1508,"VIDEOCINCO, S.A."
1509,HERMANOS DE SAN GABRIEL
1510,ELENE CONWAY DE LEON
1511,"LOS NIÑOS DE MONTESSORI, S.L."
1512,"VESIS CENTER, S.L."
1513,LAURA TEBAQUE PEREZ
1514,"ESCUELAS INFANTILES IDEO, S.L."
1515,ESHOTUGEST S.L.
1516,"BECKER DESARROLLO CORPORATIVO, S.L. UNIPERSONAL"
1517,"PARQUE CONDE DE ORGAZ, S.L."
1518,"OMID HOLDINGS, S.L."
1519,"GRUPO ITAF-MATEA, S.L."
1520,ANA URBANO GOMEZ
1521,"SIFA KIDDY CORNER, S.L."
1522,"CENTROS INFANTILES FENNONE KAKELITA, S.L. UNIPERSONAL"
1523,"CENTRO DE INVESTIGACION E INNOVACION PEDAGOGICA REGGIO, S.L."
1524,"ILUNION FUEGO Y CONDUCCION, S.A."
1525,ALBERTO SOLANA ORTEGA
1526,"FORMACION INTERNACIONAL, VOCACIONAL Y EMPRENDIMIENTO, S.L."
1527,"ESCUELA INFANTIL EL CAÑAVERAL, S.L."
1528,"GM QUALITY TECHONOLOGY, S.L."
1529,"ESCUELAS INFANTILES NATXA MANCHERO, S.L."
1530,CARMEN GARCIA GOMEZ
1531,"CENTRO DE F.P. EN EL DEPORTE Y LA SALUD 2015, S.L."
1532,"ANKALE EDUCACION, S.L."
1533,FUNDACION EDUCAR PARA EL FUTURO
1534,"ESCUELA INFANTIL BICHITOS, S.L."
1535,"ESPACIOS TIERRA LALA, S.L."
1536,"CENTRO DE ALTOS ESTUDIOS INTERNACIONALES, S.L."
1537,ELLALUNA SOCIEDAD COOPERATIVA MADRILEÑA
1538,ASOCIACION ORIGAMI:APRENDIZAJE Y DESARROLLO
1539,"ESCUELAS NORMAD, S.L."
1540,"ESPECIALISTAS EN FORMACION DE CALIDAD LYCEUM, S.L."
1541,"INICIATIVAS EDUCATIVAS FUENTE CISNEROS, S.L."
1542,"PROYECTO THE GLOBAL COLLEGE, S.L. UNIPERSONAL"
1543,IRENE CALAHORRO SANCHEZ
1544,CENAFE ESCUELAS S.L. UNIPERSONAL
1545,"ELMARMAREL ESCUELAS,  S..L."
1546,SILVIA LUIS SANZ
1547,CENTRO DE ESTUDIOS TECNOLOGICOS ALCOBENDAS S.L.
1548,"LIGHTHOUSE AMERICAN SCHOOL, S.L."
1549,"FUENTE LA REINA, 82, SOCIEDAD COOPERATIVA MADRILEÑA"
1550,PAULA LEON NUÑEZ
1551,"RICHMOND PARK SCHOOL, S.L. UNIPERSONAL"
1552,"UNIDAD PSICOEDUCATIVA,SL"
1553,VERMONT ACADEMY
1554,"GUARINFANCIA, S.L. UNIPERSONAL"
1555,"CENTRO DE ESTUDIOS UNIVERSITARIOS SEK, S.A."
1556,DAVID MARTÍN-MAESTRO FERNÁNDEZ E IGNACIO ÁLVAREZ GARCÍA
1557,"MUSIC & ACT ACADEMY, S.L."
1558,"ESCUELA INFANTIL ULU, S.L."
1559,"ESCUELA INFANTIL VERDE LIMON, S.L."
1560,"CENTRO DE F.P. EN EL DEPORTE Y LA SALUD MALAGA 2015, S.L."
1561,MIGUEL ANGEL BOTIJA GOMEZ
1562,"SECURITAS DIRECT ESPAÑA, S.A. UNIPERSONAL"
1563,"COORDINACIÓN Y ORIENTACIÓN PARA LA EMPRESA, S.L."
1564,"TAMONOL, S.L."
1565,REAL FEDERACION ESPAÑOLA DE PIRAGÜISMO
1566,"CENTRO PARA LA CULTURA Y EL CONOCIMIENTO, S.A."
1567,"LARAGO PAS, S.L."
1568,"ESDIP ESCUELA DE ARTE, S.L."
1569,VIRGINIA ROYO ESQUÍDEZ
1570,CONGREGACION DE SACERDOTES DEL S.C.J. (PADRES REPARADORES)
1571,"DRIVING ACADEMY CONSULTING, S.L."
1572,"INSTITUTOS NEBRIJA, S.A."
1573,"HAZERTA SOLUCIONES GLOBALES PARA EL EMPLEO, S.L."
1574,"CENTRO SUPERIOR DE ALTOS ESTUDIOS INTERNACIONALES, S.L."
1575,ALIANZA INTL. PARA EL DESARROLLO DE LOS JÓVENES AIDEJOVEN
1576,"FORUM MUSIKAE GESTIÓN, S.L."
1577,"AGRICOOKING, S.L."
1578,"PROYECTOS EDUCATIVOS MOANA, S.L."
1579,"DEBSCHOOL, S.L."
1580,"ESCUELA INFANTIL CREATIVA LAS TABLAS, S.L."
1581,"JAGA BERSO, S.L."
1582,"HIGHER EDUCATION MADRID, S.L. UNIPERSONAL"
1583,"CENTRO DE ESTUDIOS LINKIA FP MADRID, S.L."
1584,"COLEGIO INDEX, S.L."
1585,"MOFEBO, S.L."
1586,FUNDACION HUMANA SPES
1587,ASOCIACION ESCUELA NACIONAL DE EQUITACION
1588,"ACADEF FUTBOL, S.L."
1589,"C.D.P. ALBOR MADRID, S.L."
1590,"RIDIAMO, S.L."
1591,"G12 GRUPO EMPRESARIAL DE SERVICIOS, S.L."
1592,"KYP SPORT AND INVESTMENT, S.L."
1593,"CAMPUS INNOVACIÓN Y GESTIÓN, S.L.L."
1594,ANA DEL RINCÓN BELLO
1595,"TRAZOS INFOGRAFÍA, S.L."
1596,"EL JARDÍN DEL TOMILLAR, S.L."
1597,"SOM ESCUELA DE ARTES, S.L."
1598,"ESCUELA INFANTIL CUATRO PECAS, S.L.UNIPERSONAL"
1599,"INVESTIGACION Y DESARROLLO PEDAGOGICO, S.L."
1600,"LIMITLESS MINDS INTERNATIONAL, S.L."
1601,"J. VEGA MARCOS, A. MARCOS SALGADO Y M. SÁNCHEZ LOZANO"
1602,"INTERNATIONAL COMMUNITY EDUCATION, S.L."
1603,"FORMACIÓN Y EDUCACIÓN INTEGRAL, S.L."
1604,"CENTRO PARA LA CULTURA Y EL CONOCIMIENTO, S.A.U."
1605,"VIRTUS EDUCANDO, S.L."
1606,"ESCUELA INFANTIL QUITA Y PON, S.L."
1607,"CEPIF PROFESSIONAL TRAINING, S.L."
1608,"AT HOME ESCUELA INFANTIL, S.L."
1609,"COLEGIO JOYFE, S.L. UNIPERSONAL"
1610,"HIPATIA EDUCACION, S.L. UNIPERSONAL"
1611,"EL COLUMPIO DE CLAUDIA, S.L."
1612,"PROINNOVA EUROPA, S.L.U."
1613,ELVIRA PEÑO CARMONA
1614,"CORE NETWORK, S.L."
1615,"VOXEL SCHOOL, S.L."
1616,"ACADEF FUTBOL, S.L. UNIPERSONAL"
1617,"JCR 31 FORMACION, S.L."
1618,"AVIATION TRAINING AND MAINTENANCE GROUP, S.L"
1619,"ADALID SERVICIOS CORPORATIVOS, S.L"
1620,"ALCALA Y FERNANDEZ, S.L"
1621,"AUTOESCUELA GALA, S.L."
1622,"ESCUELA TECNICO DEPORTIVA MIFRA, S.L."
1623,"UPGRADE UP, S.L."
1624,"INICIATIVAS EUROPEAS DE FORMACION, S.L. EUROFORMAC FP"
1625,"BOREAL DREAMING TOGETHER, S.L."
1626,"ESCUELA EL PALOMAR, S.L."
1627,"CEI BABYSTEPS, S.L."
1628,"CORPORACION VERTICE 1979, S.L."
1629,"CENTRO UNIVERSITARIO IES DE NEGOCIOS, INNOV. Y TECNOLOGIA,SL"
1630,"SIXTH FORM XXI, S.L."
1631,CONSEJO SUPERIOR INVESTIGACIONES CIENTIFICAS
1632,SERVICIO MADRILEÑO DE SALUD
1633,"MINISTERIO DE INCLUSIÓN, SEGURIDAD SOCIAL Y MIGRACIONES"
1634,CONGRESO DE LOS DIPUTADOS
1635,MINISTERIO DE FOMENTO
1636,INST NACIONAL INVESTIGACION Y TECNOLOGIA AGRARIA Y ALIMENTAR
1637,MINISTERIO DEL INTERIOR
1638,MINISTERIO DE INDUSTRIA Y MINISTERIO DE ECONOMIA Y HACIENDA
1639,MINISTERIO DE HACIENDA
